寻梦,42072,痕咕,1,28,1,13,13
来点正常出刀活人加群,1204,Hunter（在裙i,1,29,10,88,88
龙宝招简单3刀睡饱饱,932,迷路镇的库露宓,1,26,9,89,89
牧野行歌,8926,逍遥,1,28,3,116,116
妖猫之宿,72,风之痕,1,29,10,144,144
泪雨梨花后援团（招人,8693,碎钻回刺原路打回,1,29,10,153,153
备战白羊70万以上来,2173,阿波罗,1,28,10,154,154
咲恋救济院,20418,舰舰的奇幻冒险,1,28,10,156,156
星沉大海,6912,良辰,1,27,10,157,157
虚印证章,5936,黑本琦夜,1,28,9,160,160
纳萨力克大坟墓,5672,偶多多,1,29,9,166,166
神之领域,6191,骑士君乄,1,29,10,167,167
迷迭迷迭paryi桑,6101,FLxs风铃星誓 简,1,26,3,168,168
格雷姆林魔法结社,8884,sky,1,29,9,170,170
摇曳的理想乡,9435,水中肥鸭,1,29,9,184,184
兰德索尔图书馆,11479,好好先生,1,27,9,189,189
大枫树,9779,稽精,1,27,9,209,209
修仙姬,7333,ue,1,28,1,212,212
轨迹集中营,5628,如若不曾见你笑颜,1,29,12,217,217
梦想乡,11402,白银,1,29,2,223,223
历代传说被猪拱,16373,我是猪（看简介）,1,28,9,224,224
老八的秘制小汉堡儿,27240,小饭饭,1,29,9,226,226
仙凌,9605,浪里浪花郎朗画,1,29,5,228,228
安德里安,4915,铭扬,1,29,9,233,233
耗子的后宫,5599,耗子,1,25,9,238,238
养老基地,8202,诺基拉,1,28,7,239,239
茶话会,10338,aYoung,1,13,9,241,241
纸片人老婆,9214,筱,1,28,1,249,249
梵高花语,11729,哥哥.,1,28,9,261,261
非酋,7985,无(简）^,1,29,9,264,264
墨丘利财团会计部,10545,法春,1,28,8,265,265
安兹乌尔恭,5373,达拉崩吧,1,23,8,271,271
梦幻,4504,都给老子滚,1,27,8,275,275
夏静凉风,17071,MC的继承人,1,27,13,276,276
小仓鼠灬聚集地,6397,森森（简介收人）,1,28,8,279,279
真步的童话庭院,17825,抽抽抽抽抽抽抽抽抽抽,1,29,5,286,286
塔罗会（招人）,2857,愚者,1,29,9,287,287
美食殿堂,20790,鬼畜王兰斯,1,25,8,289,289
血盟骑士团,7806,亚丝娜,1,27,9,295,295
炖哈曼计划,8278,白露,1,27,2,301,301
香织的小拳拳,14473,牙白Rvenger,1,28,8,302,302
咸鱼之家,8738,佑树（双毕业）,1,29,8,311,311
香雪二会,9787,叶子君,1,23,9,313,313
格里芬,10997,奖券都发完了,1,29,7,314,314
大白兔农场,2327,如鱼得水PY,1,29,9,315,315
柚子社,4892,有地将臣,1,25,12,320,320
佛係公会招收各种玩家,27647,佛係公会招常在线玩家,1,25,2,325,325
静流,1889,男主,1,26,8,327,327
伊甸园之冬,2945,佑树,1,24,1,329,329
三天之内杀了你,7290,白木夕立,1,29,5,330,330
莂說我們拽,11105,灬尐寳唄灬,1,25,13,332,332
[30]月之初,1645,佑樹,1,29,5,335,335
养妈小分队,5827,酋长,1,28,1,336,336
白昼之梦,37956,跃鲤,1,27,13,338,338
天涯明月,16675,明月-寒竹,1,28,9,342,342
仙之巅 傲世间,35119,吾为安澜  狂傲天,1,29,8,349,349
凌月,1135,龙卷,1,26,2,350,350
夏雪冬花,24279,Camus,1,21,8,352,352
美美最可爱,4118,耀夜辰,1,28,7,354,354
十柒之家,8412,UE对不起,1,29,3,355,355
幻想乡,6463,夜雨春声,1,29,1,357,357
莲华逅缘会,6421,觋夕莉,1,25,8,358,358
地狱天使,6887,佑树RX,1,25,12,359,359
夕阳红老年公寓,5457,真红疾风,1,23,1,360,360
新世界,2821,香克斯,1,29,11,365,365
星辰之怒,5001,佑树子,1,29,9,366,366
christian,37934,chr1,1,21,2,368,368
执梦一笔,18253,XCW牢饭香,1,25,8,369,369
繁星,6310,不笑猫,1,29,3,374,374
山河醉,32696,KaRin也老是吃井,1,29,7,375,375
魔禁,13844,听我怒吼,1,25,8,376,376
心跳文学部,1730,武傲易,1,29,7,377,377
上班一族,2191,东曦,1,23,8,378,378
战丨为了公主,5860,东方白,1,28,7,385,385
Escalibor,15127,柒呐,1,27,5,388,388
墨染之峰,7045,只有泪的世界,1,29,8,391,391
漫游超时空,3407,突发孝心,1,27,8,393,393
爱琳,2459,Mirror,1,29,7,399,399
随便玩,902,Dooo,1,25,1,402,402
彭格列,11290,彭格列招人,1,27,9,405,405
花殿,32724,水月仙,1,23,8,406,406
文敏的养老小公会,15785,文敏,1,24,2,409,409
茶楼,7760,醉罢斩天落长虹,1,29,2,411,411
萝莉萌,10840,萌主,1,28,11,412,412
美食殿堂,356,時崎 狂三,1,27,13,416,416
果果和诺诺的浪漫,17804,骑士君,1,27,3,419,419
社恐养老公会,10653,过气转转大魔王,1,27,2,420,420
百事可爱,3439,云风雅,1,28,13,427,427
流浪猫,2842,无心牙,1,27,12,429,429
逆流茶会,5132,zhe,1,25,12,436,436
醉仙阁,2182,道兵法墨,1,26,8,437,437
哔哩哩哒哒哒,7433,咪细咪细,1,29,11,440,440
发呆,10637,传说的蕾,1,24,2,441,441
平行天堂,17215,井出来了......,1,28,5,444,444
可可萝后援会,7190,马猴烧酒,1,29,9,446,446
假装自己是欧皇,11353,忆惘然,1,25,1,451,451
小小甜心骑士团,9726,欧遥遥,1,29,5,452,452
团队战随意，养老公会,26239,佑树,1,28,1,453,453
（-_-||）,9968,布丁,1,25,2,455,455
哔哩哔哩同好会,4389,学海风暴烧烤,1,29,2,456,456
123,6080,水永,1,26,10,457,457
斗破苍穹,1161,神之宝藏,1,27,12,458,458
圣剑集结,2021,二向箔,1,25,5,464,464
养老院,2730,安安,1,28,12,465,465
大枫树,14313,丨归墟丨,1,25,7,466,466
成风的飞鸟,2637,颂,1,29,8,467,467
uzi,3908,uzi 7n31,1,27,1,470,470
大枫树,2397,X,1,26,8,472,472
缘结神社,3194,巧巧,1,26,1,477,477
梅普露卡哇伊,10793,冰彤圣域,1,28,8,484,484
We House,12662,来吧芬达,1,23,5,486,486
人间四月天,41385,丶高歌君丶群看简介,1,25,1,487,487
美食殿堂,1230,谢谢你们的陪伴,1,29,5,488,488
飝乄宅,4907,飝乄宅,1,29,2,489,489
墨书春秋,11222,墨书春秋,1,24,1,494,494
有闲客栈,25355,倾染,1,21,2,495,495
次元君,11497,次元君,1,28,2,497,497
某科学的公主连结,14139,三三,1,27,7,498,498
香霖堂,5417,meteor-流星,1,27,5,500,500
