柠檬殿堂招大爹,38856,柠檬硬糖保3会招人F,2,25,11,1,1
同萌协会up,22493,矢泽妮可(同萌协会),2,28,11,2,2
憨批小魔仙,39290,悠哉 别连打行不行,2,20,11,3,3
装兔子的冰箱,30830,两仪,2,23,11,4,4
咸鱼湾,971,川澄舞,2,19,11,6,6
QAQ未闻花名,30468,最帅最欧,2,29,11,7,7
月下莲,26028,桐人,2,25,3,8,8
双子摘星,13999,春剑鲨鲨鲨,2,22,11,9,9
泡泡茶壶,27624,幸运小剑F,2,29,5,10,10
休闲养老没烦恼,26042,快看彩虹,2,21,11,11,11
寻梦,42072,痕咕,1,28,1,13,13
拉比林斯,42097,科科,2,26,11,14,14
莱茵骑士团,6686,辣辣米拉跨的一天,2,20,3,15,15
希望之花,2227,艾利乌德,2,26,5,17,17
心理疾病医院,712,石杖火陀,2,23,5,18,18
灬欧洲兔兔连萌灬,5476,兔兔灬狐狸贴贴,2,28,11,19,19
迦勒底的异世界观星所,722,苏月曦^,2,24,10,20,20
魔灵学院,35787,小百灵i,2,24,10,21,21
观潮阁,10534,观潮阁-贤狼赫萝,2,29,11,22,22
猫猫连结（招人）,5645,流炫（招人看简介）,2,29,11,23,23
宫商角徵羽,20650,绫濑夕映,2,23,1,24,24
QAQ品红色的照相馆,40912,decade,2,28,2,25,25
咕噜灵波~转一圈？,26,这是六个数字四个字母,2,21,12,27,27
Re:0,19185,dio,2,23,2,28,28
洗浴中心,37909,霜月,2,21,11,29,29
万年传承幻想乡,4308,蓝天,2,26,11,30,30
梦与魔法的乐园,430,梦天真,2,30,12,32,32
圣威院,7510,星回尘河,2,28,11,33,33
西红柿炒鸡蛋,9156,非伤,2,29,10,34,34
流光雾中萤,19861,见切 FHi,2,29,12,35,35
君悦君兮君不知,22952,筱説,2,24,10,36,36
QAQ萌国联邦,2122,~~利姆露~~i,2,24,3,37,37
珈百璃的后宫团,1040,珈百璃,2,22,1,38,38
会长急救中心,20881,三三,2,28,10,39,39
真步公主护卫会,12709,柚柚子,2,30,5,40,40
莫得感情的行会,367,天使w魔鬼乄,2,29,10,41,41
炼铜术士聚集地,4356,奥修,2,25,10,42,42
灰与幻想的格林姆迦尔,164,春酒,2,29,11,43,43
星月晓颜,13420,光月紫,2,24,10,44,44
QAQ司姬协会,21149,芈夜,2,24,12,45,45
圣衡骑士团,2505,PAL.星菓,2,27,11,46,46
茶百道,9635,伞伞,2,25,10,47,47
加把劲骑士团,2905,迪克,2,25,1,48,48
月白,10180,月白,2,26,10,49,49
简简单单最真,8973,青山七海,2,29,1,50,50
好运连连,11042,三玖,2,27,10,51,51
公主近卫团,13153,叮咚丶,2,30,3,52,52
星城,21275,焊接者,2,29,10,53,53
千恋丶万花灬丛云赛高,461,呓语,2,27,10,54,54
某正义的巴别塔,24377,欧皇,2,29,10,55,55
獨行天下,9459,腹黑的兔子,2,28,10,56,56
QAQ枫叶鱼塘,8432,月藜,2,30,10,57,57
绫绫,3062,田心田,2,28,10,58,58
猫猫头联盟,2442,近宗,2,29,12,59,59
风居住的街道,36974,梦~三千,2,30,9,60,60
瑶光,39541,喵~,2,29,10,61,61
蜗仙居,2308,小仓鼠黄瓜瓜  群i,2,29,12,62,62
风域,20151,男妈i,2,28,10,63,63
大枫树,8457,小不点儿^,2,30,10,64,64
公主的顶点,18953,本亚,2,29,10,65,65
龙骑兵团征兵,3759,衣黑行会收人（简介）,2,27,10,66,66
公会缺一人,353,陌路,2,28,10,67,67
三刀出完睡饱饱,12441,收人90829012,2,27,10,68,68
幻想次元（收人看简介,2436,欧~力给,2,29,10,69,69
红魔馆,32808,驱纹戒斗,2,30,10,70,70
潮鸣,10003,记星,2,30,10,71,71
蜗仙斋（缺1人）,4752,萌萌一号,2,26,12,72,72
喵喵连结（猫猫二会）,1460,kami（jjc已挖,2,30,10,73,73
圣骑士团,25488,PAL.灵魂的救赎,2,27,10,75,75
莱茵海盗团,40971,风中吃西瓜,2,27,10,76,76
圣剑,313,晗中歌,1,30,10,77,77
琉夏,3340,犹汐,2,30,10,78,78
灬欧洲兔兔集结灬,35995,兔兔灬亦九,2,27,10,79,79
希希公主幼儿园,21188,公主希露薇,2,30,5,80,80
纳萨里克大坟墓,9334,莫莫伽,2,30,3,81,81
蜗仙苑,2194,仔仔,2,30,9,82,82
幻想乡,13887,腓力,2,29,10,83,83
慈乐之音,41198,爪巴鱼（黄金矿工）,2,27,1,84,84
初音MIKU小幸运,2598,Zlonix,1,30,10,85,85
QAQ盛夏泳装会,34388,鱿鱼丝,2,30,10,86,86
凯露酱的小鱼塘,30192,ssc,2,29,10,87,87
来点正常出刀活人加群,1204,Hunter（在裙i,1,29,10,88,88
龙宝招简单3刀睡饱饱,932,迷路镇的库露宓,1,26,9,89,89
放学后茶会,2561,諾蓓兒,2,30,12,90,90
彼岸花曼珠沙华,4769,红茶我的最爱丶,2,24,1,91,91
樱落,8847,寻梦忆 pyq,2,27,10,92,92
榴莲酱同学后援会,7001,咖啡K,2,28,10,93,93
悠水小筑,2081,无路赛,1,30,10,94,94
洗浴二会,41387,翎酱,2,26,10,95,95
喵喵,6153,简自在乄,2,27,10,96,96
洛樱殿,3666,残月堕落,2,29,10,97,97
阵列猫,4125,Explosion,2,27,10,98,98
暖暖的铁匠铺,40359,大锤80,2,29,10,99,99
小小牢狱,3053,泡泡茶壶,2,27,12,100,100
Freesia（招人,4913,梨衣,2,28,5,101,101
无忧茶馆,31784,眼缘,2,22,3,102,102
蔷薇骑士团,6411,my呀,2,23,10,103,103
寻芳阁,38348,惠穿连衣裙的青衣,2,25,10,104,104
风色幻想,5805,辉pyX,2,29,9,105,105
hxd一起冲,33771,a8,2,27,9,106,106
九州,250,bbb,2,25,12,107,107
星之愿,5726,k-on.F,1,30,10,108,108
闲鱼,10,鱼,2,29,9,109,109
圣骑士团,19277,PAL.毛裤,2,29,10,110,110
Kreator,16512,伊莉雅丝菲尔丶简介^,2,24,10,111,111
咸鱼想翻身,3671,蓝色水瓶 （简介）,1,30,9,112,112
月球炼铜乐团,18,磷叶,2,30,10,113,113
学生会,15393,花沫沫(工会招人),2,29,10,114,114
泠鸢尾几度花,14812,冰小蓝,2,28,10,115,115
牧野行歌,8926,逍遥,1,28,3,116,116
贰货乐园,10756,贰货兔子,2,30,9,117,117
洛洛洛我爱薯片哈,603,四缕,2,29,10,118,118
复活社,160,骄阳赤妖 FH,2,29,2,119,119
120公会收人了,835,中野四叶i群简介,2,27,10,120,120
缘念花,2219,缘分,2,26,12,121,121
Darling,10252,胡桃,2,28,3,122,122
公会之家,3178,盐酥鸡腿菇i,1,30,10,123,123
惨遭背刺零零碎碎公会,2244,云间空流乄,2,28,10,124,124
彼岸茶会之花,28957,小阴谋家,2,29,9,125,125
梦幻联动,16980,折木奉太郎,2,29,10,126,126
四月你的谎言,3046,杰瑞克斯（招人）,2,27,2,127,127
鱼仔仔,7650,大懒虫,2,30,10,128,128
秋之枫叶红,2992,GoldGunner,1,30,10,129,129
学园都市,582,选择培养比鉴别好吃,1,30,10,130,130
梦之阁,4286,阳光菇,2,30,10,131,131
天园,2504,小小公子,2,26,1,132,132
一肚子坏水,40626,Daya,2,28,12,133,133
皇家巡游,4314,意如梦,2,30,2,134,134
艾薇吃不饱,1467,(白给),2,9,10,135,135
美食殿堂,6943,玩世不恭,1,30,10,136,136
咕咕咕之家,39375,振袖物述,2,28,9,137,137
幽水雅阁,17942,追 梦 达 人py^,2,30,10,139,139
洗浴三会,41769,HL丶乄,2,27,9,140,140
仓鼠的小窝,4080,哈罗德,2,29,9,141,141
京都养老院（招人）,2973,漪宝,2,30,10,142,142
邦邦[sup]甜花组,11084,快乐断手器,1,30,12,143,143
妖猫之宿,72,风之痕,1,29,10,144,144
早出刀早下班,2613,阿巴阿巴,2,30,9,145,145
82年的拉菲（招人）,52,圆圆的圈圈^（群),2,29,10,146,146
毛界招人ing,167,毛豆豆,2,25,10,147,147
游戏宅,5428,雪哥最棒了,2,27,3,148,148
QAQ清梦星河,10796,嗷嗷嗷,2,28,9,149,149
某科学的行会,2035,一方通行,2,29,10,150,150
圣盟（招人缺一）,5572,浪花,2,30,9,151,151
python培训班,1620,维吉尔X,1,30,5,152,152
泪雨梨花后援团（招人,8693,碎钻回刺原路打回,1,29,10,153,153
备战白羊70万以上来,2173,阿波罗,1,28,10,154,154
猫猫头,3616,良佘,1,30,9,155,155
咲恋救济院,20418,舰舰的奇幻冒险,1,28,10,156,156
星沉大海,6912,良辰,1,27,10,157,157
天井,9042,老子才是真佑树,2,29,9,158,158
浪花,7216,独孤流殇,2,1,10,159,159
虚印证章,5936,黑本琦夜,1,28,9,160,160
凯露农场,1827,迷雾精灵,1,30,9,161,161
编号9527,1234,缘之空,2,29,9,163,163
地狱之歌,6916,莉莉安娜,2,28,9,164,164
纳萨力克大坟墓,5672,偶多多,1,29,9,166,166
神之领域,6191,骑士君乄,1,29,10,167,167
迷迭迷迭paryi桑,6101,FLxs风铃星誓 简,1,26,3,168,168
天启前150会长女装,4178,雪,1,30,10,169,169
格雷姆林魔法结社,8884,sky,1,29,9,170,170
猫又小粥饭团屋,1353,佑树桐人,1,30,9,171,171
兰德索尔之翼,23476,浅川途,2,26,10,172,172
拉菲神教,4857,绫波,2,25,9,174,174
佩可莉姆应援团,109,艾丝华伦斯坦,2,30,9,175,175
名人堂（还要招2人）,6967,古守家今天的饭,2,29,9,176,176
妄想症（养老招人）,23311,鹿畔,1,30,9,177,177
圣兽的祈祷,15365,爺,2,27,9,178,178
圣骑士四团（Vvn）,18689,卜啵啵,2,24,9,179,179
久辞,6894,菌菌,2,26,10,180,180
梅兰竹菊收人收副会,4840,会战收人,2,29,12,181,181
星月颜桃,28582,星,3,23,2,182,182
Naruto,4904,Hinata,2,29,9,183,183
摇曳的理想乡,9435,水中肥鸭,1,29,9,184,184
夏天的味道,2134,夜雨,2,27,9,185,185
angel,2862,波动你心,2,27,9,186,186
神魂灵域,4274,佑树,1,30,9,187,187
咸鱼佣兵团,6124,龙宫院圣哉,2,29,13,188,188
兰德索尔图书馆,11479,好好先生,1,27,9,189,189
连结专业团队DLM,2866,梦境,2,28,10,190,190
超大的芝士力量,5184,病入高黄,1,30,8,191,191
亚城木梦叶,27853,坂井优衣,3,29,3,192,192
花之天使的夏之恋歌,23731,婷Shiori,1,30,9,193,193
非酋玩家行会,1664,咸鱼  ,1,30,12,194,194
约会大作战,17074,幻梦,2,28,13,195,195
咸鱼行会,1920,忘却来时路,2,26,5,196,196
银狼,7054,昔曰A,1,30,9,197,197
云上挽歌,19457,niji,2,30,9,198,198
一个小家,10149,星净树,2,28,9,199,199
七冠,5427,柊镜X,1,30,9,200,200
Euphoria,1915,四季夏目,1,30,12,201,201
猎牛人家族,2557,宇九黎,2,29,9,202,202
香雪兰@传说,24948,请叫我小基，别误伤,2,30,10,203,203
星辰阁,5165,小雨,1,30,9,204,204
养乐多,10860,乐多,2,25,12,205,205
结萌社(招新）,8744,8岁萝莉快到我家,2,22,12,206,206
贪欢,2881,杜肚狼先生,2,23,9,207,207
大枫树,9779,稽精,1,27,9,209,209
欧皇（会战刀刀烈火）,2048,isabella,2,28,9,210,210
异域骑士团,30631,迪亚布罗,2,28,5,211,211
修仙姬,7333,ue,1,28,1,212,212
星愿时空（招新）,2140,非酋剑无双,2,29,9,213,213
矛衣未的开挂巨剑,442,泪怜生,2,30,9,215,215
龙樱御林翼,10582,宇佐见 捷,2,30,12,216,216
轨迹集中营,5628,如若不曾见你笑颜,1,29,12,217,217
嘤灵殿,1475,六花的勇太,2,30,9,218,218
白金,2221,三玖,2,27,9,219,219
迦勒底亚斯,1749,EMT,1,30,9,220,220
小鱼塘QAQ,8475,仿佛被QJ,2,20,13,222,222
梦想乡,11402,白银,1,29,2,223,223
历代传说被猪拱,16373,我是猪（看简介）,1,28,9,224,224
老八的秘制小汉堡儿,27240,小饭饭,1,29,9,226,226
QAQ巴别塔攻略组,8689,绝对零度,2,25,12,227,227
仙凌,9605,浪里浪花郎朗画,1,29,5,228,228
公主焊接,538,爵季,1,30,12,229,229
铲车人,5825,吉尔伽美什,2,29,1,230,230
枫灵之家,10768,龙千霖,2,27,8,231,231
厉害了呢,24800,秋,2,29,9,232,232
安德里安,4915,铭扬,1,29,9,233,233
萌之领域,7428,划水咸鱼（mio酱）,2,28,13,234,234
风宇阁,5025,亚丝娜大人的老公,2,28,12,235,235
绯色月下,2942,徐云归,2,29,8,236,236
暮光之星,33652,优,2,30,8,237,237
耗子的后宫,5599,耗子,1,25,9,238,238
养老基地,8202,诺基拉,1,28,7,239,239
茶话会,10338,aYoung,1,13,9,241,241
白嫖养老院,11872,Hyea,1,30,5,242,242
米奇妙妙屋,24319,一朵小花,1,30,9,243,243
EVA,3185,小狼,1,30,9,244,244
千灯观,14454,凉月,2,19,8,245,245
lovehome,10612,kawai,1,30,9,246,246
青梅,7645,执剑喵,2,28,5,247,247
林深时见鹿,4190,小仓唯,2,25,13,248,248
纸片人老婆,9214,筱,1,28,1,249,249
东方幻想乡,268,热爱党永远跟党走,1,30,9,250,250
肝帝光辉游乐园,19670,曹贼本人,2,29,8,251,251
软饭硬吃交流会,8645,锦时安年,2,27,2,252,252
剑与玫瑰,420,佑树,1,30,7,253,253
宅宅乐园,10079,接头霸王,2,28,5,254,254
连结时刻,2438,暮寒凌,2,30,9,255,255
湛蓝苍穹,11423,中立的光明,3,29,5,256,256
养老组,1501,灯,2,27,9,257,257
星灯清火,5443,涩体源流,2,25,9,258,258
天降之雾,3270,佑树,2,29,8,259,259
客官请留步,40737,极乐净土,1,30,1,260,260
梵高花语,11729,哥哥.,1,28,9,261,261
放养行会,6645,后宫众多的现充骑士,1,30,8,262,262
得劲,5050,丶白井黑子丶,1,30,13,263,263
非酋,7985,无(简）^,1,29,9,264,264
墨丘利财团会计部,10545,法春,1,28,8,265,265
刀刀甜心刀的公会,8975,星梦莫语,1,30,2,266,266
夏夜星空海丶,15533,大欧泡丶,2,27,9,267,267
不会有人主动进来吧,14380,[b]夏凌,1,30,5,268,268
晨曦养老院,23173,铜矿佬,2,27,1,269,269
百合花开香四溢,5310,嬉野纱弓实,2,28,3,270,270
安兹乌尔恭,5373,达拉崩吧,1,23,8,271,271
刀剑神域,1252,佑树。。。,1,30,8,272,272
霓虹物语,2512,木木,1,30,8,273,273
梦幻,4504,都给老子滚,1,27,8,275,275
夏静凉风,17071,MC的继承人,1,27,13,276,276
从零开始的PCR生活,5532,祝您前程全井啊,2,26,9,277,277
迷途猫行会,5879,超级鸽王,1,30,1,278,278
小仓鼠灬聚集地,6397,森森（简介收人）,1,28,8,279,279
碧萝会,665,欧洲猫好牛逼,2,26,9,280,280
123123,9059,一只单纯的萝莉控,2,24,5,281,281
菜菜通通吃掉.,7221,我妻凉花,2,24,9,282,282
樱花庄(雪月),5589,saber,1,30,1,283,283
花开伊吕波,33633,咸鱼,2,28,10,284,284
新月行会,872,初雪QAQ,1,30,8,285,285
真步的童话庭院,17825,抽抽抽抽抽抽抽抽抽抽,1,29,5,286,286
塔罗会（招人）,2857,愚者,1,29,9,287,287
肥鸽子,10667,纠结的我,1,30,2,288,288
美食殿堂,20790,鬼畜王兰斯,1,25,8,289,289
茶会收人,17939,鲁花花生油,2,29,9,290,290
赤色曙光,4656,哈利,1,30,2,291,291
洛浣楼（闲鱼?）,2558,沈默,1,30,8,292,292
忘生流鸣,5271,丈枪由纪,2,24,2,293,293
Night Raid,3319,榮,2,24,9,294,294
血盟骑士团,7806,亚丝娜,1,27,9,295,295
蓝蔷薇,1091,渔鸢(公会收活人),2,23,8,296,296
刀剑神域,8139,佑树（冯永恒）,1,30,12,298,298
星宿海,883,湮湮,2,29,8,299,299
花不凋零，我们不散,6082,梦落繁花,1,30,9,300,300
炖哈曼计划,8278,白露,1,27,2,301,301
香织的小拳拳,14473,牙白Rvenger,1,28,8,302,302
星軌,6640,距離產生距離,2,23,12,303,303
寻梦,5897,syn,2,23,9,304,304
泰迪熊家茶话会,6263,刹那,2,22,9,305,305
风行协会,31736,X幻影阳阴X,2,27,2,306,306
凜冬散盡,9526,Owenzzx,2,21,13,307,307
阿特拉斯院,4235,Cyber,2,26,12,308,308
Re:休闲殿堂,6862,休闲,2,30,8,309,309
娱乐部OxO,7980,包心菜,1,30,1,310,310
咸鱼之家,8738,佑树（双毕业）,1,29,8,311,311
洛樱梵殇,25773,食堂泼辣酱,1,30,10,312,312
香雪二会,9787,叶子君,1,23,9,313,313
格里芬,10997,奖券都发完了,1,29,7,314,314
大白兔农场,2327,如鱼得水PY,1,29,9,315,315
大不列颠,2183,大不列颠皇帝,1,30,2,316,316
黑色骑士团,1690,Arcaea,2,27,8,317,317
小枫树,3325,猫科动物,2,30,3,318,318
水色的旋律,2373,希望的钟声,2,26,2,319,319
柚子社,4892,有地将臣,1,25,12,320,320
大枫树,6843,帆高,1,30,3,322,322
专业团队,3296,哥帅爆了,1,30,8,323,323
风刃,6386,风云,2,26,8,324,324
佛係公会招收各种玩家,27647,佛係公会招常在线玩家,1,25,2,325,325
德丽莎口的真是太棒了,7003,猫猫头什么的最棒了,2,19,8,326,326
静流,1889,男主,1,26,8,327,327
街头霸王,2175,梦,1,30,12,328,328
伊甸园之冬,2945,佑树,1,24,1,329,329
三天之内杀了你,7290,白木夕立,1,29,5,330,330
yun,3732,腻害的hdydy菌,2,29,4,331,331
莂說我們拽,11105,灬尐寳唄灬,1,25,13,332,332
缘梦阁,568,吉良吉影_i,1,30,12,333,333
同舟共济,24199,修宇,2,27,1,334,334
[30]月之初,1645,佑樹,1,29,5,335,335
养妈小分队,5827,酋长,1,28,1,336,336
樱花,7245,怀99,2,30,1,337,337
白昼之梦,37956,跃鲤,1,27,13,338,338
落羽,6034,咫尺丶落枫,2,27,8,339,339
天堂,4448,甜糖,1,30,1,340,340
放学后茶会,4495,佑树i,1,30,8,341,341
天涯明月,16675,明月-寒竹,1,28,9,342,342
谪仙居,1192,im犯,1,30,12,343,343
 月星辰,2588,里想奈,1,30,7,344,344
为美好世界献祭公主,1034,良拌,1,30,12,345,345
英灵殿,4879,小玮,1,30,13,346,346
喵酱的快乐乐园,2094,彼岸花开丨心连心,2,25,9,347,347
COS,1856,哈萨给,1,30,4,348,348
仙之巅 傲世间,35119,吾为安澜  狂傲天,1,29,8,349,349
凌月,1135,龙卷,1,26,2,350,350
天上人间,2614,浅云离生,1,30,5,351,351
夏雪冬花,24279,Camus,1,21,8,352,352
德莉莎世界第一可爱,2941,林鑫,3,29,9,353,353
美美最可爱,4118,耀夜辰,1,28,7,354,354
十柒之家,8412,UE对不起,1,29,3,355,355
塔兹米,3690,折子戏,1,30,9,356,356
幻想乡,6463,夜雨春声,1,29,1,357,357
莲华逅缘会,6421,觋夕莉,1,25,8,358,358
地狱天使,6887,佑树RX,1,25,12,359,359
夕阳红老年公寓,5457,真红疾风,1,23,1,360,360
一池咸鱼,1836,喵帕斯,1,30,12,361,361
猫耳萨斯骑士团,4289,究极超矿石全能喵太粮,1,30,2,362,362
铁锅炖派蒙,10901,momo,2,23,13,363,363
身子他不香吗,6562,马猴烧酒,1,30,1,364,364
新世界,2821,香克斯,1,29,11,365,365
星辰之怒,5001,佑树子,1,29,9,366,366
学园都市风纪委员会,11436,泪爷的衣柜,1,30,5,367,367
christian,37934,chr1,1,21,2,368,368
执梦一笔,18253,XCW牢饭香,1,25,8,369,369
战舰少女,2755,见崎未咲,2,27,13,370,370
硫酸洗啥,826,02,2,28,12,371,371
迷梦幻境,8238,彼岸花,1,30,7,372,372
玛卡巴卡,7862,阿泽,1,30,12,373,373
繁星,6310,不笑猫,1,29,3,374,374
山河醉,32696,KaRin也老是吃井,1,29,7,375,375
魔禁,13844,听我怒吼,1,25,8,376,376
心跳文学部,1730,武傲易,1,29,7,377,377
上班一族,2191,东曦,1,23,8,378,378
究极补刀增援会,6829,阿布德尔,2,22,8,379,379
星辰府,3394,巴哈姆特,1,30,1,380,380
接头霸王,1138,江借时,1,30,8,381,381
萌新骑士团,1131,不理不理左卫门,1,30,13,382,382
汐酱保护协会,1180,洪荒天子,1,30,7,383,383
公主连结ReDive,6918,凄清蓝刃华锋君,1,30,5,384,384
战丨为了公主,5860,东方白,1,28,7,385,385
武装森林,2896,氪多星吴用,2,23,1,386,386
为美好的世界送上祝福,3292,佑树,2,19,1,387,387
Escalibor,15127,柒呐,1,27,5,388,388
散人居,6192,只顾众生,1,30,13,389,389
圣堂圆桌会,11829,心雯（公会收人）,1,30,10,390,390
墨染之峰,7045,只有泪的世界,1,29,8,391,391
远东魔法午睡结社之夏,878,伊座並杏子,1,30,1,392,392
漫游超时空,3407,突发孝心,1,27,8,393,393
欧盟,4888,欧盟招人ing,2,23,9,394,394
咸鱼养老院,10350,鼬,1,30,8,395,395
美食殿堂,3925,尘煜,2,26,5,396,396
夜雨,25,墨倾池,1,30,2,397,397
公主骑士团,4432,八重樱,1,30,9,398,398
爱琳,2459,Mirror,1,29,7,399,399
妖精的旋律,4319,喵帕斯,1,30,12,400,400
黑枫月华,5474,卡塞尔修斯(勿刺）,1,30,5,401,401
随便玩,902,Dooo,1,25,1,402,402
安兹乌尔恭,852,还是铃莓最好看,1,30,5,403,403
白羽,11515,树,2,21,8,404,404
彭格列,11290,彭格列招人,1,27,9,405,405
花殿,32724,水月仙,1,23,8,406,406
风花雪月养老院,1868,大橘为重,1,30,2,407,407
悠然,9165,逆水寒,2,27,2,408,408
文敏的养老小公会,15785,文敏,1,24,2,409,409
茶楼,7760,醉罢斩天落长虹,1,29,2,411,411
萝莉萌,10840,萌主,1,28,11,412,412
浪荡者茶会,371,Dr.次元,1,30,9,413,413
琉璃,8379,种田梨沙,2,27,5,414,414
养老,5374,沈剑心,1,30,13,415,415
美食殿堂,356,時崎 狂三,1,27,13,416,416
养老之家,6237,奇葩,1,30,1,417,417
咸鱼雪的私人养老会,617,逝影-雪,2,16,4,418,418
果果和诺诺的浪漫,17804,骑士君,1,27,3,419,419
社恐养老公会,10653,过气转转大魔王,1,27,2,420,420
啊呜大家族,32297,啊呜啊呜啊呜,2,21,2,421,421
此花亭,4537,不氪金,2,27,3,422,422
月下大枫树,152,二分时,1,30,13,423,423
咸鱼,5970,GX9900,1,30,1,424,424
可可萝,3214,咔恋丶,1,30,5,425,425
蘭德索爾白兔騎士團,17056,腹黑小白兔,1,30,9,426,426
百事可爱,3439,云风雅,1,28,13,427,427
夕阳红养老院,3941,酒井冬弥,1,30,12,428,428
流浪猫,2842,无心牙,1,27,12,429,429
接头霸王,4304,龙王的狱友,1,30,1,430,430
公主连结(小窝),1773,ZERO,2,20,13,431,431
空空如也,76,空白,2,17,4,432,432
蔷薇,2797,龙逍遥,1,30,4,434,434
休伯利安,1153,Time,2,22,5,435,435
逆流茶会,5132,zhe,1,25,12,436,436
醉仙阁,2182,道兵法墨,1,26,8,437,437
deep dark妙,5415,煜煜神,1,30,3,438,438
纳萨力克大坟墓,544,断雪桥残,2,28,12,439,439
哔哩哩哒哒哒,7433,咪细咪细,1,29,11,440,440
发呆,10637,传说的蕾,1,24,2,441,441
涌泉之恨,36873,血港鬼影,2,22,4,442,442
平行天堂,17215,井出来了......,1,28,5,444,444
逆羽,1208,微笑的星灵,1,30,2,445,445
可可萝后援会,7190,马猴烧酒,1,29,9,446,446
星辰十字军,3699,迪奥丶布兰度,1,30,12,447,447
唐门,839,佑树本树,1,30,2,448,448
纷繁入梦,16740,平安py#,1,30,7,449,449
秀知院学园,4225,为了双叶理央,1,30,5,450,450
假装自己是欧皇,11353,忆惘然,1,25,1,451,451
小小甜心骑士团,9726,欧遥遥,1,29,5,452,452
团队战随意，养老公会,26239,佑树,1,28,1,453,453
欧皇聚集地,8932,羽丶渡尘,1,30,13,454,454
（-_-||）,9968,布丁,1,25,2,455,455
哔哩哔哩同好会,4389,学海风暴烧烤,1,29,2,456,456
123,6080,水永,1,26,10,457,457
斗破苍穹,1161,神之宝藏,1,27,12,458,458
泳装即正义,6059,咕哒子,1,30,2,459,459
颜值集中營,970,佐树,2,26,12,460,460
罗德岛（迦勒底）,465,伊藤,1,30,2,461,461
晓组织,6178,Inory,1,30,8,462,462
狱友交流会,20112,( 0 x 0 ),1,30,2,463,463
圣剑集结,2021,二向箔,1,25,5,464,464
养老院,2730,安安,1,28,12,465,465
大枫树,14313,丨归墟丨,1,25,7,466,466
成风的飞鸟,2637,颂,1,29,8,467,467
云深不知处,4764,幸,1,30,13,468,468
皇家骑士团,3905,叶落之时,1,30,2,469,469
uzi,3908,uzi 7n31,1,27,1,470,470
翻面的咸鱼,26642,肖图,2,30,1,471,471
大枫树,2397,X,1,26,8,472,472
塔罗喵,479,月見酒,1,30,2,473,473
接头霸王,2793,？？？,2,27,8,474,474
咕噜灵八～,4545,早坂爱的老公,1,30,13,475,475
东方幻想乡,4046,蝉风,2,23,2,476,476
缘结神社,3194,巧巧,1,26,1,477,477
风纪委员会,5703,让核弹飞一会,1,30,4,478,478
光影会,2837,肉蛋葱鸡,1,30,2,479,479
萝莉的茶会,1144,鹊桥仙洛天依,1,30,7,480,480
涂灵,38,嬲嫐,1,30,7,481,481
随机 游玩,37399,AAAA,1,30,1,482,482
夸涩面,1996,苦啊涩面,1,30,7,483,483
梅普露卡哇伊,10793,冰彤圣域,1,28,8,484,484
挽裳,5554,凯露,2,22,8,485,485
We House,12662,来吧芬达,1,23,5,486,486
人间四月天,41385,丶高歌君丶群看简介,1,25,1,487,487
美食殿堂,1230,谢谢你们的陪伴,1,29,5,488,488
飝乄宅,4907,飝乄宅,1,29,2,489,489
萌新聚集地,2201,春日绽放的花儿,1,30,1,490,490
樱花庄的连结,14029,微帆森由,2,27,7,491,491
SCP基金会,7145,喵喵小次郎,1,30,12,492,492
花间舞,7262,雯风淇舞,1,30,1,493,493
墨书春秋,11222,墨书春秋,1,24,1,494,494
有闲客栈,25355,倾染,1,21,2,495,495
花猫之宿,3897,佑雨,1,30,1,496,496
次元君,11497,次元君,1,28,2,497,497
某科学的公主连结,14139,三三,1,27,7,498,498
绯色之月,9301,情亿龙江,2,28,8,499,499
香霖堂,5417,meteor-流星,1,27,5,500,500
