"""空之女神""",1551710525,"""上天皓月 双场在群""",1050439749105,1
"""栗子酱侵略世界大作战""",1545328792,"""达芬奇""",1363251736395,2
"""鸽系已死，多系当立""",1537989832,"""苦多""",1136215185908,3
"""一期一会""",1528460295,"""Nana""",1359925624362,4
"""樱花庄的宠物女孩""",1519004563,"""云霖""",1324327697969,5
"""莫妮卡的猫""",1518999896,"""酸菜鱼""",1087533099519,6
"""HTN直接睡觉""",1518419057,"""黄溜溜 12-5狼""",1215292587549,7
"""妮可农场Circle""",1518119659,"""高坂妮可12-5狼病""",1004325675508,8
"""内鬼连结""",1517811935,"""双子座bka""",1297252395568,9
"""圣特蕾莎女子学院""",1517566704,"""我弘""",1235762347575,10
"""Ty.烟鸭""",1512624686,"""Hikari""",1188336785919,11
"""古有孔融让梨""",1512200064,"""白羊座会战加油！""",1237984888369,12
"""花园猫养老院""",1506281510,"""惠惠rua""",1117751697960,13
"""30Sentinel""",1504720731,"""unsad""",1069024862788,14
"""群星庭院""",1503672617,"""黑客斯""",1210041157154,15
"""万物寂静城謎""",1502925524,"""残月""",1069475422710,16
"""摸轴，然后捡到似雨""",1502625174,"""夏时似雨""",1022724523571,17
"""早樱铁道之夜""",1498487549,"""纯妈""",1394891493169,18
"""文明之都""",1496909696,"""夜原""",1141759121960,19
"""摆烂剁椒鱼头""",1496897100,"""鱼鸽鸽""",1413873221185,20
"""礼问狐贯一女装进度""",1496631791,"""狐贯一""",1036498910777,21
"""无 声 铃 鹿""",1496264786,"""和夜""",1142627275505,22
"""克复中原""",1496200069,"""玉之君""",1100105901152,23
"""pcr麻将部""",1492496861,"""2567""",1132374443540,24
"""魔法少女伊莉雅""",1491121569,"""风摇玉""",1102760721970,25
"""击剑馆勇闯天涯""",1490861481,"""T LeoB1ar丶""",1114786577960,26
"""巴别塔的饿灵""",1489970412,"""时代之泪""",1115911723572,27
"""公主与停滞的时间""",1489139209,"""从零""",1296752171556,28
"""本心心的猫猫花园""",1488938454,"""本心""",1094586718754,29
"""病娇0爆，树上睡觉""",1488619645,"""流浪de蒲公英""",1253303467563,30
"""打完会战就找个厂上班""",1488491075,"""Veno""",1133385928314,31
"""夏莫提想后入50""",1486821685,"""七月（""",1011848798799,32
"""落桜居""",1486313737,"""钢炼""",1298957099510,33
"""小小甜心团总会""",1486117371,"""雪月花""",1114001451561,34
"""优衣对不起""",1485902569,"""蕾斯蒂亚""",1275479981128,35
"""雪之回忆""",1485830274,"""潮留美海""",1167661432331,36
"""Lily Eri""",1484200071,"""芳华@夕兔""",1128952977962,37
"""柚树天天社""",1481877147,"""XANXUS 群O#""",1229859065927,38
"""元火中央商业区""",1479164671,"""零""",1003434821107,39
"""猪肉馅粉丝包""",1478016740,"""Juno""",1306553157126,40
"""不会取名字""",1477637392,"""不胜神话丶""",1197919635533,41
"""冰之狙击手""",1477182845,"""诗乃""",1318191070783,42
"""猫猫倒拔垂杨柳""",1477078263,"""魂魄妖梦21p""",1051129029120,43
"""米浴""",1477031908,"""撒比蓝""",1258125662707,44
"""鱼联酋七点下班塔诺西""",1476141249,"""樱花第二""",1280028515540,45
"""P.A.Works""",1476038965,"""奥托 冯 哈布斯堡""",1191207390719,46
"""白金之星：败者食尘""",1474099771,"""正体不明的正体""",1422427293266,47
"""花染""",1473758251,"""伊卡洛斯～""",1109671185979,48
"""芬芳茶园""",1472912255,"""大头""",1313045240398,49
"""凑猫 身体菠萝菠萝哒""",1472849868,"""坂本""",1066285048323,50
"""美咲后援团""",1471490967,"""LULU""",1254065942736,51
"""叶总会""",1470341671,"""叶叶酱""",1064508229189,52
"""会长摸鱼3天很合理吧""",1470127045,"""宿命丿飘渺丶""",1418523025942,53
"""男妹妹准备中""",1469952050,"""栗山未来""",1416364616392,54
"""会长已经死了""",1469392957,"""shiro""",1238872542783,55
"""摆烂亚军""",1468280723,"""诗云""",1130133035560,56
"""dd骑士团""",1468278383,"""伊蕾娜""",1232829227564,57
"""好耶！塔诺西！""",1468259054,"""Tioo""",1294196677138,58
"""从零开始的PCR生活""",1466139728,"""枫棠""",1419540120343,59
"""夹心酱应援会""",1465238063,"""佑长树""",1028756677196,60
"""朱红露滴""",1464515951,"""GhostQ""",1179627102715,61
"""白面鸮直接睡觉""",1463579845,"""oi-chen""",1236518059598,62
"""高咲侑应援会""",1463400198,"""优妮学姐的压路机""",1124916369918,63
"""灰色幽灵""",1462905580,"""月落!!!""",1229396881950,64
"""影之国.阿斯特雷亚""",1462213215,"""葉脩灬""",1087445419525,65
"""A-SOUL""",1461438141,"""燕来十七#""",1321978641940,66
"""玄学猫猫头""",1461070836,"""冷摩卡 """,1419567121983,67
"""猫猫一贼团""",1460992976,"""拜斯顿威尔""",1194582776364,68
"""新游戏+""",1460807100,""" Reines""",1230522411536,69
"""化心粉丝会""",1460670519,"""小小化心""",1276247699593,70
"""雪家""",1460414670,"""雪乃""",1013687185966,71
"""空之女同""",1459374846,"""会长的粉红胖次""",1195747345903,72
"""重生之摆烂200会""",1458513680,"""冻结 12-5狼""",1022595064350,73
"""No.98 霍普勒斯""",1457321769,"""蓝色星空""",1297115512363,74
"""如果你够猛，也好""",1456927638,"""猛男落泪""",1354981777988,75
"""天空的格林尼治""",1456853652,"""umi""",1347709670851,76
"""我想和你一起玩""",1455974519,"""魔法猫咪""",1355137784323,77
"""~SaltFish~""",1455028997,"""lissaex""",1349655390748,78
"""喷水萝莉爸爸营""",1454967557,"""光炎的大龙猫""",1378259961928,79
"""求是摸了一整年研究院""",1454719039,"""芸婕""",1273678483514,80
"""保1200来错地方了""",1454464573,"""和泉一织""",1314581726751,81
"""10086""",1453937975,"""小灯""",1394318917104,82
"""梅露露的炼金工房""",1453271819,"""End丶漠尘丿""",1277335928379,83
"""天星剑""",1452763463,"""季三""",1377256261137,84
"""汤姆粉丝俱乐部""",1451549180,"""蜡屐丶""",1068053291595,85
"""久岛鸥应援会""",1450860032,"""a少佐藤""",1084122334770,86
"""我们就要睡饱饱""",1450821737,"""Zocie""",1412028049990,87
"""毁灭蒜头前排征婚""",1450403295,"""毁灭蒜头""",1276489361995,88
"""莫宝非必需""",1449915338,"""莫""",1414087825961,89
"""绮想天尘""",1449897538,"""静夜吃""",1135672952369,90
"""约德尔小公主""",1448818901,"""帕里斯""",1201421483508,91
"""光速下播""",1448277875,"""柠檬人""",1090194654769,92
"""智乃酱在洗澡""",1448026052,"""樱巫女35p""",1356077022703,93
"""病娇6710之家""",1447671929,"""時之殘月s""",1364521745987,94
"""美食殿堂的小屋""",1446746077,"""北航悠游记""",1104771473901,95
"""五月鸽友会""",1446515159,"""Luka97""",1174376517135,96
"""氪服困难骑士团""",1445889480,"""请叫我天天QAQ""",1182712416320,97
"""裂空""",1445559110,"""凉雨""",1079320952333,98
"""近月，我的超人""",1445283911,"""闪亮赛尔""",1029220037149,99
"""拂晓血盟""",1444471191,"""炸炸""",1386404241956,100
"""纯白的天启""",1444331618,"""Ako""",1183893521912,101
"""彡倚楼听风雨彡""",1443733584,"""从雨丸""",1199064645152,102
"""填rank表惹""",1442923399,"""布兰米""",1194150881953,103
"""慕色蔷薇""",1442285483,"""摆就完事了""",1140496917165,104
"""焊接工坊""",1441759265,"""[80]骑士君""",1217697323502,105
"""大家的幻想乡""",1441505841,"""魔想志津香""",1033383877153,106
"""五彩斑斓的曙光""",1441144928,"""yf君""",1386845432344,107
"""苍星议会""",1440361474,"""洛伊德""",1174747921981,108
"""芬达85刀大胜利""",1440360591,"""呜啦啦冲冲冲""",1366233029183,109
"""货拉拉不拉吼姆拉""",1439021269,"""吼姆拉""",1288036421111,110
"""（SOS团）""",1438808524,"""北原春希pj""",1343906142741,111
"""希望之峰甜心刀会""",1438669548,"""燃烧不朽|天兔霸断剑""",1173288491575,112
"""古有孔融让梨""",1438200501,"""白羊座会战加油！""",1061778118725,113
"""欧芒果Ver5.0""",1436853756,"""由比浜結衣#1卌""",1069773843511,114
"""小小甜心魔剑英雄传说""",1436523342,"""漆黑之魔剑英雄""",1321806822814,115
"""小灰屋real""",1436489301,"""ops""",1342132755571,116
"""创哥温泉馆""",1436318359,"""司""",1146683768397,117
"""珈蓝神殿""",1435850818,"""我家慕慕427""",1297079057977,118
"""病娇的猫""",1435759268,"""橙说_平安""",1388075896311,119
"""最终天堂""",1435535026,"""铃兰P24#""",1217718803522,120
"""超硬核鸽子团""",1435255548,"""天河舞姬""",1170277163575,121
"""次世代水溅跃""",1434958681,"""Aslan""",1062045278721,122
"""鬼月搬运物流""",1434850043,"""Canaria""",1117148741115,123
"""布丁布丁nano""",1434739496,"""玛修倒拔空想树""",1168076773172,124
"""小仓唯快暴击""",1434437658,"""丨神楽""",1002565214754,125
"""颉阀圣锤5刀全挂！""",1433507001,"""不是乌鸦""",1407080875574,126
"""莫莫拉.莫拉！！！""",1432123431,"""柱柱酱大胜利PM3""",1326486264304,127
"""公主骑士精锐军团""",1431487491,"""迪奥""",1356402629138,128
"""人人都是彩虹豹""",1431115299,"""Haski""",1031151201918,129
"""西瓜转转转""",1429984345,"""依然晚秋""",1376510328371,130
"""王立書士隊""",1429822024,"""风中一滴血""",1042370577929,131
"""铜好会""",1429662839,"""@泰崽痣""",1158590865924,132
"""待到荼蘼花事了""",1429321859,"""牧之原翔子#""",1191721873981,133
"""雀魂敬老院""",1428766792,"""YMK 不要黄骑刀""",1263825965147,134
"""年眠岁睡花满苑""",1428624304,"""橘子大魔王""",1248970515542,135
"""乐园10点睡""",1428299609,"""Monika""",1304712389138,136
"""：？""",1428083601,"""建御雷志乃""",1001669854729,137
"""工具人苍蓝星""",1428045825,"""洋大佐""",1377599454752,138
"""伊蕾娜保护协会""",1427810538,"""沉鱼o""",1417304237152,139
"""少女与猫""",1427743426,"""三意""",1135584427580,140
"""你说是吧洛可可""",1427501744,"""懒洋洋#""",1401980485143,141
"""公主的卖萌村""",1426973050,"""卡璞奇诺""",1108764331586,142
"""Au90大胜利""",1426688168,"""燃烧的 suika""",1027429299641,143
"""剃须，然后捡到艾伦""",1426542609,"""白羽百合""",1361707025908,144
"""兰德索尔故事会""",1426486929,"""回应我把！惠理子！""",1243276126789,145
"""浓缩咖啡保护协会""",1426346151,"""Coco""",1119978257914,146
"""希留耶的炼金工房""",1425604483,"""希留耶的炼金工房""",1077777605162,147
"""东方神秘楼""",1425332083,"""神秘人K""",1155440606710,148
"""黑猫应援会""",1424252903,"""命运 """,1145822046700,149
"""呼噜呼噜""",1424200077,"""nico""",1269855429169,150
"""雷嘤寺""",1424200071,"""伪唯""",1053592005169,151
"""Lambda疗养院""",1423872548,"""ckx""",1160993937933,152
"""甜心刀睡饱饱""",1422759133,"""流色""",1228153694788,153
"""文文报社""",1422304054,"""Sakatsuki""",1150205817975,154
"""渣猫乐园""",1421309794,"""muma""",1179486661103,155
"""moret你女装呢？""",1421150044,"""ereshkigal""",1071359840397,156
"""兰der索尔养鸽场""",1420474769,"""翎子""",1375831059520,157
"""神岚""",1419719187,"""冷茶""",1041290699594,158
"""炼金工坊""",1419494849,"""斑比酱马给马给""",1074121080324,159
"""樱之诗""",1418830756,"""饭饭""",1044104414778,160
"""嘤花公主Club""",1417828200,"""Axit""",1276740369921,161
"""秋名山飙车队""",1417752365,"""梦飞H""",1036929016393,162
"""贴贴小仓唯""",1417719522,"""皮p""",1061364165105,163
"""lsp联盟""",1417477970,"""黑色幽默""",1276149992434,164
"""月球的米轮兔""",1417439315,"""兔子君""",1000104696313,165
"""樱落之语""",1417341981,"""问樱""",1165349240307,166
"""Re:妈宝骑士团""",1417087559,"""古桥文乃124狼""",1299496977949,167
"""镜华铜业有限公司""",1416926499,"""阿平""",1293633886758,168
"""Africa早下班""",1416644719,"""小熊猫 yls我的神""",1089116203566,169
"""猫猫头十连""",1416456422,"""高小猪真的是猪哦""",1132441157101,170
"""春物骡的岛""",1414064615,"""弱音""",1296574814722,171
"""樱花庄的红莲华""",1413497497,"""12丶小休比""",1312530688481,172
"""普莉可奈大学部""",1413420090,"""从云""",1391538117160,173
"""LoGHorizoN""",1411996381,"""slayerx""",1011567070739,174
"""音吹思婷""",1411957958,"""南小鸟""",1350526123505,175
"""佩可莉姆的备用粮仓""",1411807468,"""*某实验用小鼠""",1020796384307,176
"""The World""",1411751363,"""月光""",1296074976317,177
"""Glory Day""",1411520031,"""WealThY""",1137632043599,178
"""圆环AZ之理""",1411346475,"""早坂爱酱不落泪""",1033770129978,179
"""绅士航的挂树农场""",1410884443,"""＠静香""",1055196817993,180
"""迦南之心""",1410532621,"""夏陌殇""",1403559902798,181
"""万事屋阿银""",1410125994,"""。百步飞舰""",1288041617906,182
"""魔女的夜宴""",1409955676,"""枣燐""",1243247430724,183
"""梦梦的种植园""",1409528074,"""空梦""",1292203693119,184
"""HellSing""",1407902998,"""赤红之瞳""",1146566702714,185
"""杰哥不要啊""",1407896962,"""漫杰""",1313097694772,186
"""N S丨F W""",1406536712,"""白井同学""",1415192568396,187
"""全会竟是我后宫""",1406527547,"""我向右走@在群""",1367714582782,188
"""世界尽头的海""",1405470551,"""阿绚""",1173488913971,189
"""一眼朝如青丝暮成雪""",1404219265,"""丨 苡冬""",1329793886704,190
"""希望之峰泡茶会""",1404181423,"""Zugzwang""",1017450437138,191
"""惠理子同好会""",1404160011,"""牧以南歌丶""",1363526853130,192
"""布丁永远滴神""",1403514047,"""东海帝皇""",1391458270713,193
"""包雪公主的沉睡小屋""",1403366920,"""包雪公主等青蛙王子m""",1214457464310,194
"""620937366""",1403296781,"""南方""",1301088429159,195
"""寺川爱美美粉丝团""",1402074214,"""威力""",1301081720330,196
"""塔罗牌""",1401831289,"""冰咖啡cc""",1357447544398,197
"""Poor Guys""",1401769114,"""空心""",1366684433957,198
"""公海舰队""",1401583211,"""望星之竹""",1335969889941,199
"""神奇动物在哪里""",1400892395,"""牧濑红莉栖""",1423917816370,200
"""超自然研究社""",1400735156,"""游离的风酱""",1279841992339,201
"""花园猫幼儿园""",1400484887,"""九条喵都""",1199310534794,202
"""好缺人啊，能不能出刀""",1399998616,"""撕破伤口丶12－4狼""",1118003678784,203
"""MC猫友会""",1399280748,"""妄想""",1261862033960,204
"""公主骑士""",1396409492,"""电光""",1093602861185,205
"""雷桜寺""",1396031519,"""早苗""",1273808043510,206
"""从零开始的公会战生活""",1395882375,"""Chen.""",1004718021169,207
"""众神眷恋的幻想乡""",1395234845,"""12岁的小毬 巛""",1035952377964,208
"""有一个公会""",1395111823,"""三途""",1308524259592,209
"""玉乐坊""",1395062523,"""非酋谷""",1214994808320,210
"""神罗""",1394452441,"""Lynk""",1259150123581,211
"""空之轨迹""",1394416747,"""温伯格雷特""",1345852152337,212
"""如梦令""",1394200076,"""丨源丨终焉""",1085291333179,213
"""素晴茶会""",1394091052,"""yk""",1426473720374,214
"""~纯白之翼~""",1394082269,"""Mr#龙城水吻鱼""",1199273622734,215
"""异世界的喵喵乡""",1393950762,"""燕子""",1179026629160,216
"""会长我滑了""",1393918579,"""阿熊""",1133684369920,217
"""莓皇的猫咖店""",1393384803,"""羽川喵""",1051848312398,218
"""IDOLM@STER""",1393312282,"""東風谷真宵""",1067645713902,219
"""心未超度""",1392614224,"""Edward.""",1353624798745,220
"""北樱花RE:Dive""",1391752305,"""北樱花夜""",1017073221186,221
"""喵园""",1391543463,"""漆黑烈焰使""",1390715008406,222
"""梦钰祠""",1390486820,"""残丶影""",1096032632324,223
"""接龙谐会""",1390043984,"""爱吃面的鸡""",1366385249961,224
"""终末之时""",1390033571,"""淮千千千千千千""",1363536657937,225
"""xcw联通委员会""",1389944193,"""蛋清-73春田""",1023397371548,226
"""今天也要努力摸鱼鸭""",1389767065,"""新的一年不吃井啦Tx""",1093819947560,227
"""孤单心事""",1389723080,"""普吉""",1148435424306,228
"""毛毛小屋""",1388999884,"""小涼宮的憂鬱""",1204371013182,229
"""玉藻摸鱼会""",1388935792,"""#MiKon～ """,1296113272371,230
"""猪油复活了""",1388719321,"""石榴""",1155277637117,231
"""亚里莎的奇妙森林""",1388536164,"""nu l l""",1129599609951,232
"""元气少女后援团""",1388331470,"""元气少女佩可酱""",1294202411500,233
"""盛夏光年""",1387934013,"""OGP1-桂花白糖糕""",1129607419594,234
"""四轩茶屋""",1387892819,"""馨鹭~""",1081259589191,235
"""一刀240都没有吗""",1387114975,"""栗子 璃""",1058109073941,236
"""辣鸡会长带头挂树""",1387062957,"""AT07""",1133615889925,237
"""焊接学院""",1386653126,"""信号i""",1209650373159,238
"""雪樱子故事会""",1386433759,"""叶子""",1068744467543,239
"""兰德索尔茶会""",1386243209,"""Yukino""",1349086456338,240
"""挂树崽青训营""",1385707323,"""S1萝莉萌妹""",1335612638715,241
"""寒冰霸主""",1385493359,"""万人敬仰豆芽酱""",1382310728335,242
"""2016的守望先锋""",1385225096,"""Aimelier""",1158950829170,243
"""挖矿中求不打""",1384091161,"""霞之丘诗羽@""",1143995973155,244
"""镇魂歌""",1382254433,"""Ender""",1311372843522,245
"""臭大佬不要太过分了！""",1382144039,"""雷火 R12狼 """,1042407774721,246
"""世界的后花园""",1381552286,"""cxz0618""",1391948902873,247
"""佩可的饭团""",1380852578,"""白白""",1273526088335,248
"""碳基生物保护协会""",1380332953,"""樱木椋""",1382066142740,249
"""大枫树""",1380113087,"""柩芑#W""",1314824800325,250
"""下北泽野兽邸""",1377795648,"""Plume""",1340842821194,251
"""这期就开始摸鱼吧！""",1377673951,"""2887.米波""",1385687416329,252
"""御坂御坂""",1377575227,"""若婵究极12狼""",1250465349196,253
"""诡秘之主""",1376768624,"""viole""",1024232645128,254
"""因为太怕痛就全上前卫""",1376628392,"""咖萨背锅#""",1115461598783,255
"""冬夜星缘""",1376131600,"""舛殇""",1301409758788,256
"""萌域征服者""",1376098612,"""巫师巫师巫""",1326764665931,257
"""SING&SMILE""",1375498438,"""[i]冰淼de柠檬""",1292714744353,258
"""会长又在挂树""",1375358792,"""鱼塘""",1156523998756,259
"""NightRaid""",1374837720,"""Alexia""",1270387857974,260
"""斯坦福桥""",1373553964,"""灵魂钢琴师""",1357802309185,261
"""公主骑士皇家舰队""",1373311228,"""伊波小鸟""",1122408315521,262
"""小麦町""",1372850607,"""哈哈剑天下第一""",1157156472342,263
"""糖果缤纷""",1372524930,"""风间（R12~4狼）""",1030301102731,264
"""咸鱼睡饱饱""",1371963481,"""B[sub]ug""",1377455710763,265
"""椿丘第一小学""",1371824627,"""Madoka""",1182875205134,266
"""萝莉学会""",1371807328,"""隐居""",1115296606754,267
"""三点钟焊接区块链""",1371755829,"""聆 """,1318848529920,268
"""镜华重工""",1370725738,"""雨泽泽""",1130998981106,269
"""东云女装后援团""",1370647534,"""马猴烧酒""",1005684753994,270
"""咕噜灵波OxO""",1370160134,"""月夜湖光""",1160528632330,271
"""雷霆之彩虹妈咪""",1370113980,"""索克萨尔""",1097777118788,272
"""梅普露的大枫树""",1370073697,"""被狼叼走了""",1081467230772,273
"""水面的满月""",1369950561,"""清河""",1251890757193,274
"""ALC""",1369329287,"""Mr。佑一#""",1226620414780,275
"""花溪月影""",1369281510,"""全都抽""",1410032638748,276
"""魔法少女霞""",1369200070,"""焚心丨""",1055075166767,277
"""北宇治吹奏部""",1369200068,"""鸽布林爩""",1326800017994,278
"""法兰西多士""",1369198320,"""Luka""",1185298424362,279
"""芒果西米露""",1369051219,"""misaki""",1281670827566,280
"""大鸡王朝""",1368915123,"""理""",1353159006765,281
"""龙约霸者养老中心""",1368867061,"""漆黑的流星丨龙pcr""",1073051696331,282
"""豹豹鸡构""",1368846627,"""瓦坎达豹豹""",1326371192321,283
"""灯笼流丽""",1368340927,"""紫海由爱""",1287628357142,284
"""ETG""",1368148469,"""宅了宅""",1296392952325,285
"""棉花堡""",1368007024,"""白腿""",1383606648376,286
"""夏娜""",1367924012,"""园神凛祢群简介lsp""",1038304401902,287
"""花咲的别墅""",1367877658,"""透透透子""",1244787883533,288
"""集美萌，开扣""",1367769037,"""梅丽莎丶金莲花""",1401044574715,289
"""星痕一会""",1367565601,"""*清醒""",1335857093177,290
"""虹之咲学园偶像同好会""",1367548946,"""德井青空""",1236698795526,291
"""海豹之魂""",1367395523,"""芙芙""",1348135313902,292
"""物述有栖应援协会""",1366472651,"""神户铃""",1063207262789,293
"""美食殿堂饺子馆""",1365836911,"""佑树""",1034800325100,294
"""有四个公会""",1365831679,"""椰菜""",1286308651521,295
"""JoJoCT""",1365741047,"""欧皇""",1129865208305,296
"""十点下班欧尼酱！""",1365037552,"""载梦压星河""",1114432198724,297
"""芳文社Kirara""",1364843355,"""香风智乃""",1009646021196,298
"""佩可莉姆的饭团""",1364753566,"""流云飞猪""",1092526558719,299
"""掌中萌虎""",1363589760,"""曦""",1112025438798,300
"""轻风未语""",1362976515,"""洛雨""",1181149925150,301
"""亚撒西亚撒西""",1362938240,"""雪落""",1367977105915,302
"""镜华酱的炼铜工坊""",1362808782,"""Raimin""",1246211217961,303
"""圣歌千灵""",1362806479,"""sola""",1220641630724,304
"""小仓唯就是神""",1362686123,"""[10]龍咲鳯椬""",1357579568321,305
"""D妹全球后援会""",1362641832,"""椰砸""",1290619307593,306
"""WILLE""",1362267234,"""文森的文""",1351998251547,307
"""养老院""",1361558358,"""9""",1059021637189,308
"""梦幻怪盗团""",1361195308,"""風雪幻想""",1157664709147,309
"""吃面叫我呀""",1360856801,"""青蛙呱呱呱""",1276293496313,310
"""29个锄男大胜利！""",1360834404,"""不再掉头发""",1297752849968,311
"""蓝色三色堇""",1360829944,"""歌者""",1095077905931,312
"""甜甜咖啡厅～""",1360740632,"""菠萝菠萝冰月""",1180818987558,313
"""CriLionG""",1360727695,"""闹钟""",1103902737929,314
"""＊＊＊＊＊＊""",1360593857,"""咕噜灵波~""",1267918405189,315
"""祈町""",1360165194,"""橘子酱""",1395134430765,316
"""海猫茶屋""",1359946853,"""水浅沫""",1004699614790,317
"""大清""",1359833913,"""乾隆""",1161106168352,318
"""枫之岛2.0""",1359226738,"""黑骑士特大剑""",1101848133121,319
"""白猫cafe""",1359215725,"""月影 爩""",1285656568377,320
"""臭鼬的骑士团""",1358758887,"""天""",1318714590713,321
"""佑树老师击剑同好会""",1358171912,"""彼方单推人""",1335307409921,322
"""凯露酱""",1358113814,"""爱蜜莉雅""",1299367057962,323
"""咕噜灵啵！""",1357957363,"""七海千秋""",1090491718793,324
"""宪梓堂""",1357727522,"""Kagerou""",1215334366736,325
"""妈宝重工""",1357353212,"""千沙""",1036814763574,326
"""常磐镇""",1356602529,"""Tuning""",1313358278726,327
"""森罗万象""",1356536963,"""SoFee""",1303030086748,328
"""正道的光""",1356204661,"""SnakeEater""",1314529865941,329
"""安和古蕾雅的学院""",1356058684,"""辉月""",1050917777930,330
"""姬塔official""",1355700643,"""她的猫""",1393322078794,331
"""古典文学部JK""",1355657432,"""蛋蛋""",1357832158794,332
"""谁的问题""",1354675169,"""b太""",1052782533148,333
"""lgd-gaming""",1354429538,"""4MA.Aetsu""",1166159864338,334
"""杰尼龟爆炒美羊羊""",1353605809,"""水果大杂烩""",1376054853152,335
"""幼稚园游会""",1353270651,"""Inori""",1144741909154,336
"""我一定也能出的""",1353238709,"""雪飞""",1301521169924,337
"""SOX团丶月夜茶会""",1353200078,"""Sox灬流离丶""",1162043333173,338
"""向曰葵小班""",1353200065,"""Sora""",1377572907532,339
"""夏之鸥盟""",1352489294,"""鴎萌元老""",1359693867522,340
"""萌幻之庭""",1351944002,"""北北""",1315522142711,341
"""猫咪奶盖""",1351280576,"""结城绫风""",1050501931588,342
"""古典文学部kira""",1350991178,"""雪栖夏""",1367736936470,343
"""哥谭市""",1350871299,"""加菲是只猫""",1316533880373,344
"""沃特布莱克庄园""",1350637914,"""糯米土豆！""",1272753733177,345
"""女人唱歌，男人死""",1350590772,"""美琴 A""",1088795619595,346
"""梦回千秋""",1350407781,"""[50][i]风轩""",1428137414701,347
"""为美好的世界献上饭团""",1350402879,"""不哭不笑""",1082176734719,348
"""兰德索尔甜心会""",1349326170,"""月华""",1353959774773,349
"""进击的peko""",1349254942,"""大毛""",1306346541185,350
"""糖霜史莱姆""",1348437607,"""史莱姆""",1016551825966,351
"""白天没有人晚上要睡觉""",1348391380,"""藏猫儿猫藏""",1022169677253,352
"""凉城客栈""",1347531362,"""光环掌握""",1105836101102,353
"""星夏如月""",1347279858,"""XJ""",1043614917125,354
"""凯露喵喵呜""",1347029224,"""触手鲈鱼""",1428407083547,355
"""仙人掌种植交流委员会""",1346550291,"""莫然1号""",1342830355542,356
"""卜多比鲁翁""",1346356991,"""老拍新瓜""",1276279953980,357
"""兰德索尔三十铜人""",1345767581,"""killua""",1401605291583,358
"""洛水樱花庄""",1345707134,"""修罗晓夜""",1241867486798,359
"""春田花花幼稚园""",1345264996,"""咕噜灵波""",1151175877109,360
"""牌面""",1345206367,"""青灵""",1185760017938,361
"""樱梦""",1345161179,"""错觉or妄想""",1034588617985,362
"""KG""",1345143169,"""照桥心美爿""",1210052216352,363
"""冯章书院异世界支部""",1345057840,"""容老板""",1343427729968,364
"""晚选组二番队""",1344273430,"""天野幻光""",1020446661190,365
"""兰德索尔养老院""",1343732814,"""甜心可爱鹿宝贝""",1395410065998,366
"""迦勒底驻兰德索尔使馆""",1343597422,"""堕天使灬善子""",1240056977907,367
"""剃须，然后捡到结宝""",1343302896,"""我永远喜欢千歌""",1158708421184,368
"""純潔的輪舞曲""",1343151726,"""猫神瓦莉拉""",1301896747587,369
"""给大佬上香""",1342906931,"""*石竹""",1078039313948,370
"""博丽神社""",1342890805,"""古明地恋""",1288407829126,371
"""王之领域""",1342769753,"""太阳骑士""",1344932373108,372
"""戌神沁音应援会""",1342708143,"""佳爱琉""",1310062123556,373
"""欧狗保护协会""",1342564579,"""拉粑粑小魔仙""",1065867155558,374
"""凯露保护协会""",1342168921,"""Saki""",1052222661141,375
"""叛逆之剑""",1342164675,"""白夜""",1106649054793,376
"""浮世清欢""",1342136655,"""UN微光柠檬""",1352245883566,377
"""米仓""",1341761501,"""rinl- """,1049506168350,378
"""ReTryment""",1341506822,"""我狼9-6""",1027621038738,379
"""世纪末的魔术柒""",1341451053,"""豆油XDcc^""",1382093150760,380
"""罗德岛博丽神社""",1341315259,"""换头焊接""",1068703710796,381
"""迦勒底的马斯塔""",1341310403,"""熊仔点点（钻石大破i""",1023699074077,382
"""猴子捞月亮""",1341229081,"""无产阶级战士""",1260520747580,383
"""紫苑寺内鬼团""",1341200074,"""紫苑寺""",1033041451556,384
"""Hinokakera""",1340948320,"""Hiiroshi""",1392703121915,385
"""樱花庄的宠物喵""",1340920181,"""沐沐想要睡饱饱""",1352063403560,386
"""咸鱼大家庭（九）""",1340636752,"""工藤新一""",1402495736377,387
"""0721宁宁保护协会""",1340415669,"""炼装炸炸炸""",1128469862876,388
"""九州八级""",1340323476,"""春紫菀""",1429435769927,389
"""被内鬼抬棺的蠢佑树""",1339546121,"""三玖""",1182846123556,390
"""马娘众""",1339245284,"""九九归一环奈酱""",1129110241940,391
"""LYR俱乐部""",1339210629,"""   养月亮""",1265261765188,392
"""彩物语""",1338985800,"""兰斯洛特""",1223379832351,393
"""白糸台高校麻将部""",1338638164,"""cwy""",1147869969933,394
"""猫锅""",1338631294,"""炸虾虾""",1292449758715,395
"""BlackCat""",1338629213,"""浮生若梦丶""",1413848645138,396
"""人均十连八个彩""",1337768558,"""炒饭""",1139300344376,397
"""今天柳絮清完体力了吗""",1337179855,"""碎琉璃""",1218832069199,398
"""闪宝祈祷中""",1336680031,"""闪宝""",1387850003596,399
"""Stars漫研""",1336378166,"""Gilgalad""",1119785310765,400
"""终末时在做什么""",1336357498,"""蓝烟烟""",1210837113967,401
"""916事务所""",1336092943,"""松尾祐辅""",1260729976304,402
"""不要怕是技术性调整""",1336025542,"""星间飞行""",1342065912381,403
"""蜜茶白桃派""",1335883133,"""桃桃子""",1304326929910,404
"""散步社pcr48天团""",1335256984,"""四埜宮謡 """,1373061496302,405
"""工具人苍蓝星""",1335133410,"""可爱的呆毛王""",1133793246783,406
"""极东魔术昼寝结社之夏""",1335073670,"""BARRY""",1096964224495,407
"""开始的地方""",1335046976,"""文若""",1061310456363,408
"""USTC芳文社""",1334483368,"""中野二乃天外仙""",1084816120300,409
"""会战是会长的任务罢了""",1334195761,"""艾斯德斯""",1072692473926,410
"""新年连结R""",1333899494,"""kasumi""",1415068869199,411
"""不会公会战""",1333521805,"""加藤惠！""",1326401736318,412
"""快乐猫猫2.0""",1333518090,"""@炼金术师&PY""",1031601297969,413
"""午後茶会Dash""",1333295095,"""我是125狼""",1304813585973,414
"""精英整活工会""",1333240547,"""打破的杯子""",1139579333179,415
"""樱花庄的拔刀斋""",1333104220,"""@远野志贵（o""",1203649809922,416
"""切噜切噜～""",1332808369,"""琪琳""",1168408158744,417
"""抱不动的支仓伊绪""",1332736152,"""坂上汐良""",1144535057968,418
"""鸽子窝""",1332642252,"""白银御行""",1258098046722,419
"""苍穹之光""",1332600457,"""永恒星辰""",1166674531557,420
"""蓝蓝Official""",1332525089,"""不夜""",1298116216334,421
"""睡饱饱委员会""",1331449432,"""阿大""",1225171397130,422
"""罩杯养成＊记""",1331432500,"""真红@咕噜""",1161519096304,423
"""兰德索尔Galaxy""",1330998578,"""重音""",1349050080316,424
"""路人偶像养成方法""",1330708907,"""风铃""",1108084448327,425
"""人生有梦再续前缘""",1330574449,"""高咲侑""",1381708561908,426
"""黑猫的物语""",1330508754,"""依文酱""",1383457785916,427
"""鸥凰山""",1330401495,"""雪无月""",1216956792347,428
"""百喵骑士团""",1330307163,"""苍天的蓝耀""",1115265451584,429
"""Astraea""",1330189345,"""Mako""",1071810712320,430
"""愿世界永保和平""",1330104819,"""世界因此脫節了""",1303394705912,431
"""AKB-花园喵喵喵""",1329946406,"""星丨叶生""",1373394297932,432
"""铜萌会""",1329402141,"""这就爪巴""",1190681822721,433
"""糖果屋骑树团""",1328992172,"""一方loli控""",1374104363557,434
"""超高校级的幸运""",1328036205,"""殇弑""",1090800837197,435
"""鲁鲁的老公会""",1327963781,"""後摇""",1333786565157,436
"""塞拉伊诺大图书馆""",1327691452,"""璇玑湖""",1246299742774,437
"""暖暖甜心""",1327348961,"""楪橙橙""",1061056529967,438
"""天狐之社""",1327316773,"""宇佐见莲子""",1042916165108,439
"""黎明和迷迭的小伙伴们""",1326588018,"""Paradox M.""",1053049592374,440
"""新曰暮里""",1326139759,"""tikorua""",1116428280381,441
"""伤害霸瞳的人在哪里""",1325758769,"""穷孩zi""",1421049515512,442
"""对前会长使用猫拳吧！""",1325711468,"""仲笑""",1000001912369,443
"""折三十只纸鸢""",1325466893,"""玛嘉烈""",1365131230715,444
"""北辰""",1324878848,"""嘻嘻呵呵""",1080267947531,445
"""下北泽社区委员会""",1324353722,"""佑树""",1034015096325,446
"""花里看雾""",1323949179,"""穹""",1095701649952,447
"""萌新学院""",1323938226,"""i九儿""",1178824006750,448
"""优衣单推人""",1323664486,"""Summer_Est""",1095296581198,449
"""夏雪冬花""",1323552781,"""爱吃孜然的包子""",1211108165163,450
"""Kira海豹社""",1323065374,"""一叶笑红尘""",1159941291535,451
"""王都的名侦探""",1321916460,"""佑树""",1258531166735,452
"""万物皆可吃""",1321792771,"""凉风青叶55""",1163721829137,453
"""海豹俱乐部""",1321764034,"""东土晓月西天传火""",1282589843554,454
"""请问今天要来点狼吗？""",1321614977,"""Jax""",1249439710720,455
"""Incubator""",1321465850,"""梦幻7大大""",1032626142774,456
"""Yuzu-Soft""",1321361986,"""sty010""",1217141624350,457
"""透镜""",1321000293,"""狐千代""",1245643563567,458
"""朝花夕拾""",1320999508,"""溯夜""",1415058577912,459
"""永远单推VTB""",1320920917,"""清狂 """,1401304645103,460
"""Princeweld""",1320861187,"""米诺喵""",1145858040317,461
"""伪花""",1320797998,"""叮咚叮咚""",1145477496383,462
"""墨丘利财团后援会""",1320711786,"""橙子""",1300100677120,463
"""Fiveone""",1319855789,"""格里姆高""",1353366289995,464
"""佩可森友会""",1319180947,"""Starlento""",1023607569911,465
"""Palette""",1319000642,"""风见一姬""",1427688645115,466
"""乌莎哈的幸运茶会""",1318237561,"""水月陵""",1258192862784,467
"""仓鼠戒抽所""",1317748507,"""[b]XIESA""",1167243333117,468
"""8岁萝莉觉得很赞！""",1317735974,"""有栖mana""",1162203230705,469
"""喵喵喵喵喵喵喵喵喵""",1317617143,"""母猪人""",1417025067516,470
"""白夜馆""",1317159994,"""月晴栀""",1273551633987,471
"""春田花花董事会""",1316976008,"""鹧鸪""",1057781342708,472
"""外天楼""",1316328506,"""淹死的鱼""",1134719352362,473
"""今晚去吃烤肉吧""",1316292380,"""莫兮言""",1188900830705,474
"""星象馆""",1313959735,"""白井黑子""",1095441605147,475
"""零奈""",1313867406,"""琉璃@五等分""",1227405798882,476
"""黄埔军校""",1313771519,"""常凯露（xdm牛啊""",1216530040362,477
"""食其家兰德索尔分部""",1312610108,"""克莱索恩 鶸""",1174156873968,478
"""茜里，永远滴神！""",1311916295,"""复仇者五号""",1276583493102,479
"""夜歌""",1311386081,"""完全下饭手册""",1199362475537,480
"""咸鱼速成班""",1311073567,"""周树皮""",1147769182721,481
"""超自研甜心fight""",1310518424,"""风酱""",1033641721984,482
"""桜之秋""",1310362496,"""许仙子米波""",1044467678770,483
"""长宁机场指挥部""",1309623582,"""Sekiro""",1317952273959,484
"""一刀一麻""",1309050591,"""千歌 suki""",1185327454755,485
"""魂火的余烬""",1308844320,"""静流佩可贴贴！""",1158594142768,486
"""末世纪的歌谣""",1308784832,"""时雨！""",1109917304362,487
"""无尽轮回剧场""",1308736032,"""肯酱""",1083703262702,488
"""古龙调查团""",1308603450,"""闪闪超可爱""",1209679019582,489
"""铁华团兰德索尔支部""",1308438281,"""板栗""",1146858232357,490
"""冥王计划""",1308372255,"""神户小桃""",1228568133166,491
"""卡洛斯竞争组""",1308038622,"""潘达""",1235997944308,492
"""悠闲田园""",1307974223,"""心静""",1194915781130,493
"""陆地里同盟""",1307634592,"""呼（OxO）""",1050343057994,494
"""我换个阳间的""",1307258172,"""雪儿""",1011655289998,495
"""帕里原神一位""",1306885590,"""黑白角龙mana酱#""",1324797509149,496
"""宅腐同萌会""",1306500325,"""无言之中""",1300784659524,497
"""有十四个公会""",1306080880,"""ZERO""",1422825054710,498
"""菜菜家族""",1306069114,"""言青""",1273134686784,499
"""空梦遮玲珑""",1305796564,"""usagi""",1106879685183,500
"""举手摘星辰""",1305587004,"""相交的平行线""",1424102673903,501
"""S1真咸鱼""",1305496479,"""樱井萌果#""",1288039211502,502
"""人间之理""",1305425491,"""由崎司""",1118836267566,503
"""公主魔盗团""",1304940275,"""镜花水月""",1377872222704,504
"""铃原美术研究学会""",1304723327,"""灵梦""",1188303608326,505
"""星泽樱尘嘉心糖革委会""",1304163323,"""犯人找到了""",1402966878771,506
"""八坂猫萝莉之家""",1303967418,"""高级资深糊糊怪""",1013031774738,507
"""圣骑骑士团""",1303862759,"""自然""",1138713336388,508
"""晨星""",1303761044,"""[b]无玄""",1390684920349,509
"""白米屋""",1303435064,"""米璃""",1274797611582,510
"""玛纳利亚的可丽饼店""",1302983245,"""HYLJY""",1134353553934,511
"""麻麻饭堂""",1302765434,"""米泛""",1211257233931,512
"""琉璃物语""",1302616565,"""内鬼头头""",1049874040381,513
"""妈宝小周周的快乐小屋""",1302414011,"""专业团队""",1018382686775,514
"""对不起优衣协会""",1302001359,"""喵仓唯""",1176111915537,515
"""从0开始pcr""",1301032457,"""fooly""",1211603832320,516
"""嘟噜噜噜""",1300883143,"""复苏""",1335742891584,517
"""接头霸王凯露""",1300517943,"""赛利卡""",1178728901122,518
"""峰哥的风花雪月""",1300144110,"""秋裤#""",1246525790773,519
"""梦落星辰""",1299814214,"""欧尼酱""",1351430213167,520
"""太阳之泪""",1299762560,"""泠鸢""",1153163614730,521
"""风见幽香""",1298919521,"""伊娜""",1120863096389,522
"""撕破伤口丶""",1298759296,"""Sakuya""",1123075269120,523
"""晚选组一番队""",1298724294,"""蛋尔苏加德""",1024142072302,524
"""可可萝0x0""",1298513457,"""于于淮""",1247210360324,525
"""又要挂树了""",1298462518,"""流晓""",1368412587526,526
"""XCW的家""",1298413449,"""龙殿 疾风！王牌！""",1367587601940,527
"""兰德索尔风俗评鉴团""",1298154280,"""渔歌""",1051329733135,528
"""厕纸51降临到我身边""",1298048218,"""接头霸王""",1429127544350,529
"""幻想乐园""",1297778593,"""老叶子""",1042894485139,530
"""小谢快乐屋""",1297291986,"""谢丶会战用""",1025352952329,531
"""凯露复读机协会""",1297051835,"""小困""",1362957048380,532
"""赛博朋克2804#""",1296320839,"""。。自重君。。""",1020005957110,533
"""铜 心 未 泯""",1296122179,"""失去心跳林夕璇""",1155626539596,534
"""我们的羁绊呢病娇？""",1296029230,"""阿莫西林不加糖""",1122109099585,535
"""自然人文地理讨论小组""",1295962134,"""平躺1200保平安""",1104253790724,536
"""兰德索尔养马俱乐部""",1295425997,"""Dark丶羊 py#""",1390672632311,537
"""羊肉串串烧""",1294858691,"""羊肉串串烧""",1043299809901,538
"""这600不进也罢""",1294785325,"""姬姥酱""",1234474616367,539
"""会长女装不会咕""",1294758081,"""橙之鸣 """,1106322219502,540
"""DD斩首""",1294712927,"""黑猫 """,1216046251587,541
"""二次元浓度拉满""",1294630404,"""千歌酱天下第一""",1427162283550,542
"""仿若晴空""",1293748476,"""[b]冬萤""",1143498744336,543
"""RUA！""",1293709750,"""LKYLKY""",1277451819536,544
"""放学后茶会""",1293353564,"""福部里志jjc在爬""",1328045201958,545
"""露露""",1293031758,"""海螺""",1044866245120,546
"""乖离型圣杯援助协会""",1292731339,"""明曰＆""",1122708293187,547
"""纯白的花嫁""",1292420939,"""呆鹿-141""",1184141253105,548
"""拂晓血盟""",1292128824,"""欧拉米""",1282253585920,549
"""罗德岛骑士团""",1291972728,"""玄罗朱衫""",1421028113925,550
"""神乐""",1291730719,"""核桃杏仁露""",1146799249945,551
"""血小板的花嫁""",1291308782,"""clear血小板""",1290047121929,552
"""凹凸塔诺西""",1290852622,"""猫娘乐园""",1312847712357,553
"""风铃物语""",1290223436,"""枫""",1270852395539,554
"""千月结""",1289642306,"""千之青月""",1130337041982,555
"""叶落繁星""",1289275799,"""慕凌风！""",1208888056345,556
"""星之冠""",1288942860,"""头盔""",1292990814769,557
"""菠萝猫与菠萝包""",1288746854,"""笔墨丹青""",1392913765134,558
"""米库喵喵屋""",1288201640,"""老八秘制小汉堡""",1163814571507,559
"""藏精阁PCR分阁""",1288025381,"""玛修基列莱特""",1065777528346,560
"""Senorita""",1287771570,"""Acc""",1287872301186,561
"""今天你30管体力了吗""",1287582050,"""琉衣&""",1213441837159,562
"""光之晨曦""",1287521604,"""诗酱""",1310042749107,563
"""我也是加把劲骑士君""",1286917402,"""Zero悲伤R12狼""",1354226833927,564
"""加把劲骑士""",1286243089,"""bala""",1057762859565,565
"""小清水亚美后援会""",1285963571,"""Amana""",1069266297913,566
"""猫猫头没有开挂""",1285516423,"""此账户已被冻结""",1359572165139,567
"""loser""",1285458572,"""椎名玖奈""",1209897438795,568
"""旅行猫猫头""",1285427602,"""Lawrence""",1188809925152,569
"""E.O""",1285060878,"""维克托""",1129186885178,570
"""CHALDEA""",1284676111,"""风见幽依""",1178368837143,571
"""轮椅哥霸凌协会""",1284568301,"""水無月真""",1371080825946,572
"""咕噜灵波""",1284331981,"""Cvalence""",1037258718779,573
"""天灾军团避难所""",1283705818,"""樱小路露娜""",1147541035571,574
"""我~好~恨~啊""",1283645686,"""画板""",1256435269141,575
"""花舞芳文""",1283580484,"""纯爱战神^""",1289413009965,576
"""追梦的伊甸园""",1283075412,"""霸王杯啵啵奶茶""",1272221253164,577
"""新时代的船""",1282946157,"""A@jjc在挖""",1232251230756,578
"""出云宫子是幽灵""",1282802822,"""Soysauce""",1129716088342,579
"""雪之喵""",1282600198,"""雪辰""",1228743467555,580
"""诗意天城""",1282317815,"""丿灬想飞的鱼""",1293910904366,581
"""USTC健康打卡""",1282155131,"""圆环之理""",1241126443570,582
"""天野文学社""",1281748326,"""矢木身@巉璺纃""",1275414878724,583
"""富哥转转转酒吧""",1281361567,"""沙拉曼丶@ax""",1390127198787,584
"""小梦道""",1281279895,"""C回天""",1045421896327,585
"""炒面面包生产基地""",1281253098,"""小智""",1058233899546,586
"""Ragnarok""",1281200063,"""ZsarMagoth""",1259103149124,587
"""米猪乐园""",1281200061,"""米猪妹纸""",1386084293139,588
"""某科学的公主连结""",1280721108,"""接吻不接球""",1123377912376,589
"""夹心酱侵略世界大作战""",1280255408,"""Hangy""",1397176696382,590
"""西湖雅座""",1280164763,"""极梦星辰@摸鱼！""",1139619630765,591
"""祈祷与命运之树""",1280056289,"""断崖月影""",1212214469172,592
"""栞守所""",1279769181,"""闪光的吉格鲁特""",1128760088317,593
"""白咕咕保护协会""",1279596650,"""野生的男酮坤一脸坏笑""",1005307590754,594
"""爱因斯坦科技""",1279283524,"""水井倒影""",1310196422700,595
"""母猪焊接_""",1279050119,"""蕾姆蕾姆""",1070597342792,596
"""舌尖上的美食殿堂""",1278473677,"""残存之心 .""",1052728875518,597
"""青年大学堂""",1277995030,"""Wtiaw 龘""",1123331217991,598
"""Ciallo~""",1277728134,"""Astolpho""",1387197201938,599
"""笹木竹业""",1277402969,"""Aly""",1140201184306,600
"""兰德索尔早睡部""",1276940076,"""大苯蛋会长还在肝碧蓝""",1030068190798,601
"""未来之音""",1275624844,"""叁玖""",1049531947578,602
"""可爱的nya""",1275195021,"""綾""",1343764472398,603
"""红魔馆灬""",1275049495,"""红""",1353860677102,604
"""少女前线""",1274549807,"""小镜华的紫色斑点胖次""",1027805995516,605
"""公主连结格里芬分部""",1274404934,"""LizeAn""",1323136555552,606
"""结远樱抄""",1274145737,"""02 千叶""",1077850488376,607
"""yly转转转勾巴""",1274002780,"""爬了～""",1382053829160,608
"""粉红兔兔""",1273735084,"""树逝繁花""",1109567838722,609
"""共此星月光""",1273483019,"""艾瑞多拉""",1269620318717,610
"""我单推的还蛮多的""",1273376190,"""香橙佑树""",1336401861149,611
"""一六三调查兵团""",1273334937,"""四维""",1368036704345,612
"""Re.水龙敬本子团""",1272970293,"""鱼腩有盆""",1317191313918,613
"""赏膳罚饿""",1272871477,"""puck""",1357888045171,614
"""梦里""",1272584323,"""瑟""",1098161374766,615
"""沏春""",1272200248,"""玉丿垒 """,1115061829166,616
"""xcw喷水研究会""",1271825313,"""卜卦 @爩""",1340372958727,617
"""LLDG泳装阿比限定""",1271226150,"""Fairy泳装阿比""",1008493329914,618
"""无尘之翼""",1271129699,"""Kristina""",1195369643506,619
"""失落的圣诞""",1270750599,"""Sola""",1183641566737,620
"""可可萝宇内第一可爱~""",1270742862,"""悠悠""",1031573547595,621
"""优衣的下午茶""",1270519237,"""拉帝亚斯酱""",1222858718777,622
"""放课后的丛雨酱""",1269883963,"""Godsoo""",1150605713967,623
"""那那那那那那那那珂酱""",1269336516,"""舔小爆""",1229607955513,624
"""月影""",1269322635,"""Exelion""",1196614827569,625
"""一剑永远滴神""",1269042291,"""牧濑红莉栖""",1171422353938,626
"""种田家的优衣库""",1269000161,"""三倍lcecream""",1303081745900,627
"""萝莉殿堂""",1268095601,"""是只萝莉控哟""",1135635704339,628
"""浅神工业株式会社""",1267950215,"""快快乐乐睡饱饱""",1285364113973,629
"""Blue Path""",1267624838,"""鹿目焰""",1173476523539,630
"""放课后茶会""",1267372097,"""云烟成雨""",1378873699573,631
"""東方餡掛炒飯""",1267325128,"""監督""",1348152056354,632
"""星火燎原""",1267052008,"""鬼月""",1237800619529,633
"""早季文学社""",1266337989,"""Saki""",1095120069166,634
"""优衣对不起第二年""",1266292736,"""六边形的时间""",1206838598777,635
"""佐伯湾联合舰队""",1265509858,"""江枫""",1415695121934,636
"""S1春季品酒吃鱼协会""",1265351287,"""青鸟""",1233756254753,637
"""姬吹雪""",1265062745,"""优衣""",1089479851502,638
"""卡露米娜""",1265044013,"""浅见唯""",1375032158706,639
"""冠位罗德岛""",1263848736,"""星辰之殇""",1288619973182,640
"""闪耀十字军""",1263711479,"""天平狐""",1359005227511,641
"""这游戏怎么没狼啊""",1263526808,"""好 矿 工""",1280289118700,642
"""东海帝王.应援团""",1263346007,"""阴天火""",1065038328348,643
"""一剑霜寒九神州""",1263232592,"""椰岛暖阳@""",1155258795584,644
"""史莱姆利姆露""",1262722599,"""七罪＆""",1281107166796,645
"""Ars Nova""",1262715419,"""梦璃咕不咕""",1364882987534,646
"""樱才新选新选组""",1262702663,"""神话Onl""",1161736568396,647
"""又又又539刀～""",1262334216,"""企鹅号""",1367256645186,648
"""灼眼的夏娜""",1262316541,"""夏娜（背刺必追）""",1165810987579,649
"""秀知院学园学生会""",1262288754,"""白银御行TX＊""",1273171525146,650
"""目白麦昆保护协会""",1262141912,"""优妮喜欢切噜噜""",1243468565128,651
"""洛丽塔茶会""",1262022497,"""yearnforlv""",1193549406788,652
"""玛娜利亚应援会""",1261113419,"""漆沐鸫""",1243497208330,653
"""鸢尾茶会""",1261099988,"""ROLLER""",1138389574704,654
"""工农子弟""",1261037647,"""晴空一鹤排云上""",1315538910746,655
"""青空下de约定""",1261005502,"""青柠味de柑橘""",1189984248388,656
"""为爆裂的魔法献上祝福""",1260591247,"""呆毛""",1386609835589,657
"""吃真步点心的兔子天团""",1260490929,"""井底的垂耳兎""",1289315525147,658
"""南妈妈小学""",1260332458,"""Mr逗豆逗""",1175357457970,659
"""氺花丸幼稚园氺""",1260095892,"""東雲研究所""",1347343147520,660
"""西风骑士团""",1259822167,"""可莉""",1429402001914,661
"""月辰""",1259798244,"""贺桐""",1177782238757,662
"""摸鱼同好会（青灵）""",1259570779,"""幸福的小饭桶""",1111382033901,663
"""空居天""",1259455791,"""何方句子""",1055091473935,664
"""牧神社""",1259450619,"""牧神""",1165835025951,665
"""花舞秋叶""",1259155790,"""H青逐枫桦""",1416776542753,666
"""云悠逸""",1259036038,"""芦小云""",1336354922004,667
"""萝莉睡饱饱""",1259031529,"""Luna""",1078096248330,668
"""格拉摩根伯爵领""",1258998381,"""Visconti""",1098462865987,669
"""喵帕斯""",1258700114,"""吉尔""",1313185809977,670
"""胖达团""",1257843491,"""Keichan""",1196267563566,671
"""圣域养生会所""",1257686088,"""海因里希""",1216576864365,672
"""樱井望粉丝后援团""",1257611125,"""Frenqy""",1285709765169,673
"""Wings""",1257500151,"""ShadoW""",1402947400356,674
"""训练兵团104期""",1257457293,"""一式二""",1282358421162,675
"""葫芦藤上挂憨批""",1256923795,"""田葫芦""",1127263483555,676
"""尒刺援宽带公司""",1256732086,"""汉英大字典""",1139257720388,677
"""异世界风俗评鉴团""",1256641679,"""一叶知秋！""",1240684152331,678
"""n麻d，w什么""",1256326883,"""feizhai幻""",1406987025925,679
"""SecretBase""",1255542304,"""井上树人""",1137351851502,680
"""兔田困困酒吧""",1255001810,"""兔田优H""",1377941470797,681
"""轻音部""",1254821660,"""你馋她的身子你正直""",1115023174792,682
"""梦幻馆休闲会所""",1254415231,"""xxas""",1085333035517,683
"""喵的喵窝""",1253876493,"""I 梓喵不打酱油""",1420158942702,684
"""嗶咔嗶咔""",1253434760,"""雷电希儿""",1017784286717,685
"""柠檬精大会""",1253372112,"""不漾""",1061908856387,686
"""风笛的icu输氧管""",1253342872,"""百城结衣""",1353120529903,687
"""天外之花""",1253130417,"""cxins""",1288546705926,688
"""EX咖喱棒""",1253089292,"""aquamt  H""",1165989035599,689
"""护肝夕阳红骑士团""",1252689260,"""我喜欢优衣还有大家""",1320170667505,690
"""少女密室""",1252676567,"""雪风""",1424124280324,691
"""王宫骑士团""",1252605955,"""花花不是讨厌鬼""",1099596587585,692
"""维林诺""",1252451325,"""文青团长""",1100502238776,693
"""Legio V 云雀""",1252264708,"""TheConde""",1259764600314,694
"""北宇治吹奏部""",1252074915,"""符腾堡公爵""",1024712261108,695
"""鸽子养殖场""",1251888719,"""法刀挂树大失败""",1316745182753,696
"""沧沧后援会""",1251269232,"""明月无心""",1397634118742,697
"""火星咖啡馆""",1251253800,"""伊卡丶潘德拉贡""",1156878840303,698
"""MoodyBlues""",1251233305,"""霞你好脏啊""",1040726392331,699
"""优衣后援会""",1251232128,"""优衣对不起""",1294006289937,700
"""大魔王梅普露（幻想）""",1251084014,"""天神""",1189707949190,701
"""银色遥远""",1251074270,"""秋津圆香 """,1154244605129,702
"""奈央同萌会""",1251028617,"""東山闹闹""",1356539051572,703
"""咕噜灵波_""",1250704789,"""治愈de膝枕""",1149539166742,704
"""虔诚小队""",1250702416,"""lam""",1404439339565,705
"""绫音保护协会""",1250639952,"""无知胜有知""",1012576683568,706
"""咕咕咕咕咕""",1250584722,"""凯子sa ma""",1161972497908,707
"""阿斯特莱亚疗养院""",1250575408,"""药屋""",1244693265955,708
"""睡眠协会-天蝎座分会""",1250552154,"""冬域""",1083576670728,709
"""噗叽噗叽""",1249599668,"""*逆流沙""",1035872632315,710
"""浅海轻唱""",1249158031,"""藤原灯里""",1249164536349,711
"""新世界安内所""",1248844853,"""内鬼""",1011115589164,712
"""切噜噜噜""",1248819598,"""ch """,1092079816396,713
"""百万克拉玛咕咕王国""",1248162234,"""夏娜（我回来啦""",1205179563546,714
"""火星快乐养老会""",1247666490,"""火星（三儿你来啦）""",1297442169947,715
"""哔哩哔哩乾杯""",1247636074,"""神月""",1013119278726,716
"""双马尾茶会""",1247526628,"""御庭摘希""",1137443243536,717
"""秘术师行会""",1247515721,"""南时雨""",1185192312306,718
"""壹闪""",1247165667,"""Flong""",1018697310761,719
"""美食骑士殿堂""",1247100413,"""月咏小萌#""",1143461137933,720
"""罗德岛兰德索尔分部""",1246953215,"""乱花影""",1229653189178,721
"""萨提洛斯的小羊""",1246814416,"""阿克列夫劳斯基""",1118292369930,722
"""禁止yly""",1245782660,"""Soub（511井长""",1237574059520,723
"""英伦白鸽""",1245667557,"""吃井DOUer""",1256823979598,724
"""希望钻没事""",1245432254,"""石头""",1213054993950,725
"""早点下班塔诺西""",1245197443,"""Illya""",1241783493130,726
"""药王府""",1244642170,"""药店碧莲""",1054774008399,727
"""樱花树下的约定""",1244565160,"""沙华Official""",1293753131511,728
"""团子大家族""",1244504952,"""电光超人团子酱""",1122320350701,729
"""塔塔养老会所""",1244460439,"""塔塔龙""",1172496350769,730
"""骑士盟约""",1244431004,"""flyoHo""",1023315115503,731
"""微笑的眼睛""",1244239572,"""nico阿姐（jk""",1332560763578,732
"""祢豆子应援会""",1244021327,"""TQ无事""",1424791569996,733
"""维内托保护协会""",1243928489,"""乞力马扎罗熊德""",1133604421160,734
"""進擊的魚仔""",1243921803,"""黑狸""",1318379077179,735
"""假白记得直播吃键盘""",1243895530,"""Xeuphoria""",1304744440397,736
"""丧尸岛""",1243828465,"""懒比""",1289467051565,737
"""珂朵莉的帽子""",1243804487,"""知否 #24""",1091810501133,738
"""SSS股份有限公司""",1243756509,"""蛎蝗专收辣鸡刀""",1306363414764,739
"""叮玲玲快乐工坊""",1243580166,"""喵玲咪""",1188980318724,740
"""嘉心糖果店""",1243541356,"""黑白魔法使""",1195215633914,741
"""晨星曦舟""",1243422848,"""赤兔马""",1144727928300,742
"""2434反抗军""",1243086022,"""飞过沧海！""",1238065528371,743
"""神州重工研发基地""",1242986138,"""四神""",1006946270776,744
"""会长我要出差去璃月""",1242518588,"""神威""",1211176158771,745
"""乐园""",1242075648,"""布吉岛哎""",1189380910758,746
"""彩虹海""",1241848353,"""白钰袖""",1412572331592,747
"""天天包子铺1.0""",1241662006,"""九黎黎黎""",1101262021194,748
"""魔法少女奈叶""",1240848491,"""高町薇薇欧""",1398628293185,749
"""萌萌好朋友部""",1240790027,"""爱里寿辈先""",1056749150796,750
"""奶黄包""",1240498940,"""蕾娜""",1123089144380,751
"""grand""",1239804491,"""马鸡马尼桑""",1084880862743,752
"""邻人部""",1239353441,"""那时""",1408915064318,753
"""DDYC""",1239050293,"""是你的柚子！""",1356607429120,754
"""紟海笙花""",1238926898,"""新垣丶结衣O""",1060036600305,755
"""兰德索尔小学教委会""",1238741138,"""一天世界#""",1426161221131,756
"""琉璃神社s""",1238615500,"""bell天使""",1006059921973,757
"""阿瓦隆美食庭院""",1238562764,"""水银灯""",1394658885109,758
"""希望之峰""",1238501043,"""nana爱吃鱼""",1361076165172,759
"""总之就是非常auto""",1238351001,"""小白林#""",1299852433927,760
"""铁蝗团兰德索尔分会""",1238274149,"""1d32156""",1035193541110,761
"""不要rua我尾巴啊""",1237625450,"""Mikon""",1003171781161,762
"""秋枫之岚""",1237473564,"""灰夕灬秋野""",1067682577960,763
"""仲夏夜之＊梦""",1237417254,"""野獸先輩 """,1130169105967,764
"""海豹饭堂""",1236859850,"""一曰三凹""",1125234245181,765
"""你的头是我的了""",1236683675,"""neptunia""",1230135237104,766
"""指引明路的苍蓝星""",1236273040,"""树果饼干""",1384400017941,767
"""狂气侵染的不思议国""",1236137251,"""烟花烫台""",1285259411530,768
"""不说话装高手""",1235914826,"""箱庭的十六爺""",1186127993949,769
"""玄冰王座""",1235652115,"""涛咕咕奲m""",1225658309119,770
"""繁星萤海""",1235347584,"""路人""",1160014251546,771
"""RRR""",1235247437,"""醉倾朝野""",1023320133141,772
"""星光咖啡馆""",1234830271,"""樂""",1254902545961,773
"""起名困难症交流会""",1233954568,"""VicVv""",1168786577962,774
"""Amaterasu""",1233918327,"""松籽""",1174696337925,775
"""冒险者协会""",1233867138,"""Mliecky""",1150157201936,776
"""只有阿宅知道的世界""",1233843083,"""零夏""",1305136709119,777
"""云深不知处""",1233597933,"""弃笔封刀""",1335398750793,778
"""雅白跌死内~""",1233519651,"""流浪者""",1024071443561,779
"""猫窝ReDive""",1233462687,"""企鹅不冬眠""",1296058309149,780
"""Roselia""",1233399745,"""华哥赛高""",1109070993905,781
"""母猪焊接""",1233279638,"""骑士C""",1392487853144,782
"""！小西几！""",1233156605,"""索索Reborn""",1011602246737,783
"""叶哥颜值交流会ReD""",1233146009,"""凯迪拉克小阳""",1079926315539,784
"""崩坏世界的挽歌""",1233080609,"""zhentmn""",1051649246703,785
"""莫挨老子""",1233068517,"""世界桥塔塔米""",1096602411508,786
"""圣米卡艾尔学院""",1232936467,"""幻天""",1183630891526,787
"""兰德索尔搬砖小队""",1232706275,"""CXJ#""",1328939025950,788
"""光之饭桶""",1232626905,"""chakon@""",1368823774726,789
"""每次都是你最晚""",1232474006,"""友好的火焰""",1316662827592,790
"""神奇转转柜""",1232170169,"""苍穹旗""",1221131000334,791
"""四月吹拢白雪亭""",1231805880,"""阿尔托莉雅125满狼""",1049824478703,792
"""优妮保护委员会""",1231752883,"""谨言德利奇爿""",1321102942785,793
"""XCW世界第一可爱""",1231665178,"""炼铜术士都都1""",1422918417981,794
"""5001""",1231429689,"""无痕 """,1428944581191,795
"""保1w冲1睡饱饱""",1231406866,"""是这样的""",1062044024394,796
"""矢量喷射研究所""",1231258979,"""离""",1382639173115,797
"""柒月行会""",1231167375,"""仔劫""",1226926765199,798
"""精灵公寓""",1229646892,"""Yoga""",1405454637180,799
"""兰德索尔党校""",1229516072,"""茉莉丶琉璃""",1120400990719,800
"""深渊骑士团""",1229381136,"""河童 p25""",1270058949168,801
"""茶会五点下班苦露西""",1228761946,"""澪  Rikka""",1409641545971,802
"""纯爱战士必胜""",1228263450,"""枫爱梦离落露""",1334410846765,803
"""伊蕾娜的纯白胖次""",1228175408,"""赫里斯塔""",1170282104355,804
"""桜彩织萌偶像结社""",1228016754,"""Aya＆""",1223383928358,805
"""乌龟转转转""",1227973430,"""1酷玩""",1114661624353,806
"""勤俭持家可可萝""",1227961451,"""彩色莫莫卡""",1144157739568,807
"""读书同好会""",1227946403,"""妖精的过膝袜""",1334258424329,808
"""知行合一""",1227897153,"""格林""",1058358853127,809
"""只有红茶可以吗""",1227814090,"""鹿岛""",1176940997106,810
"""冰凝城夏""",1227725044,"""艾冰#""",1034914168359,811
"""Ref:daisy""",1227576189,"""白墨.""",1265089349174,812
"""沉睡森林""",1227565587,"""水树""",1380073645158,813
"""绘星连结""",1227378056,"""千代宫枫#*""",1064114961938,814
"""必杀刀刀爆妈妈养成记""",1227169269,"""机器人环奈""",1319040683586,815
"""喵喵小窝""",1227060932,"""喵喵""",1294525662755,816
"""ku klux""",1226879911,"""佑树""",1009062238767,817
"""不说话装高手""",1226675257,"""Tooko无心大天使""",1047598635509,818
"""科学木叶村""",1226618462,"""airhoo""",1224904645128,819
"""極東3rd""",1226446659,"""Re：镜华""",1066192838721,820
"""雪色雪花雪余痕""",1226200072,"""樱空""",1264745617991,821
"""神偷归来""",1226200067,"""东华帝君PM3""",1156820192389,822
"""伊蕾娜旅馆""",1225964061,"""伊蕾娜c""",1097529694718,823
"""魔法烧酒""",1225632958,"""k5""",1025221035541,824
"""吃饭睡觉打boss""",1225556423,"""sun314""",1148185361984,825
"""布吱吱的厨房""",1225512164,"""月宫镜""",1120722885163,826
"""鬼刀""",1225437102,"""龙宫院拓也""",1334145502792,827
"""将故事写成我们""",1225321639,"""奥帝努斯""",1387250424322,828
"""纳纳米的卖萌村""",1225234154,"""纳纳米@""",1394819473914,829
"""快乐养猪场""",1225162216,"""欧乔""",1194294417919,830
"""公主链接中之人""",1224978711,"""希羅 優衣""",1178145528331,831
"""赛馬之都""",1224965955,"""小霜余音""",1030616261166,832
"""蜜桃猫的起源""",1224819619,"""瑶小瑶*北极星""",1071130206746,833
"""梨妈妈大胜利""",1224631156,"""你们最爱的梨妈妈～""",1071422024347,834
"""星屑""",1224507457,"""泉""",1233144158779,835
"""幻想社""",1224481660,"""天凌""",1362591352386,836
"""盖被""",1224404928,"""典""",1070124025964,837
"""纯白之翼已黑化""",1224297489,"""鬼白 """,1185806024388,838
"""十年饮冰""",1224295122,"""神木村的风""",1166960299588,839
"""传销组织""",1224241170,"""糸色望""",1286766584365,840
"""樱花夜之梦""",1224115480,"""[b]清清公主""",1208632491539,841
"""30人无克总大胜利""",1223454348,"""louis""",1423877342738,842
"""树莓派""",1223441401,"""花清香""",1179990115587,843
"""非洲部落喵A计划""",1223436057,"""晓""",1318866910740,844
"""湘菜馆""",1223308981,"""马騳骉""",1116767813112,845
"""SERIOUS""",1223182244,"""米拉珍妮""",1019184709147,846
"""清橙橙""",1223045611,"""3点""",1110120465977,847
"""彩虹白依""",1223044011,"""闪翼暗""",1139059245135,848
"""俾斯麦云神餐厅""",1222567069,"""丶珠雨52""",1378870443526,849
"""食虫少女凯露酱""",1222307399,"""副驾驶啦啦啦（96狼""",1210232363532,850
"""国产精品LSP同好会""",1222306793,"""好运来0x0""",1311741483568,851
"""分一点可爱给你""",1222288638,"""Q银桑""",1069857169925,852
"""撕破伤口丶""",1222244501,"""veryable""",1283969400355,853
"""放课后TeaTime""",1222066176,"""平泽唯""",1043060753919,854
"""兔子窝""",1221827857,"""兔兔大仙""",1274454805120,855
"""为我花點钱怎么啦""",1221730271,"""多啦牛仔""",1113196593944,856
"""温暖的家""",1221491491,"""纯球迷5691""",1330372958758,857
"""五等分的男酮""",1221408159,"""云兽""",1293440581156,858
"""Hentayi 桑""",1221359682,"""花兎""",1352144913960,859
"""忒修斯原味鸡""",1221195729,"""会长从农场回来了""",1256813765124,860
"""满船清梦压星河""",1221194862,"""初遇柠檬不识酸""",1269273824342,861
"""Nagisa的小屋""",1221131821,"""Astera""",1277591109187,862
"""八叶克妻流""",1221117164,"""hu｜梅露可""",1315532766724,863
"""二珊唯一指定粉丝会""",1221030330,"""二珊""",1417922961983,864
"""特级焊接工交流会所""",1220858946,"""虎杖悠仁""",1072638737911,865
"""优衣我爱你~""",1220603117,"""铃木小羊555A""",1349745400390,866
"""机动六科兰德索尔支部""",1220418441,"""hayate""",1180506129978,867
"""17圣锤8春猫""",1220285243,"""玉米苟苟""",1253687341181,868
"""圣芙蕾雅学园医务室""",1219554778,"""奥托阿波卡利斯""",1132113451544,869
"""老年活动中心""",1219440080,"""鸣濑白羽""",1085382264378,870
"""好耶！龙王是会长！""",1219186507,"""alias""",1283386565147,871
"""刀刀烈火的欧洲人度假""",1218973875,"""erica""",1340332817904,872
"""今天三刀出了吗""",1218863357,"""神山飞羽真""",1102179166773,873
"""兰德索尔空想树""",1218831655,"""螺丝君罓魍""",1015953425968,874
"""咸鱼御主同好会""",1218317751,"""小心灬小xin""",1295353438799,875
"""咸鱼早睡协会""",1218205797,"""阿盏 （在群""",1032565521928,876
"""荒番大吊车""",1218123735,"""D4C""",1319984683513,877
"""月球御主代不动刀基地""",1218084582,"""爬远点""",1136529758729,878
"""UE保护协会""",1218063925,"""yami""",1121221368341,879
"""小仓唯""",1217818556,"""言叶""",1223324024386,880
"""天空的格林尼治""",1217777288,"""幸福往往是摸得透彻""",1091659333107,881
""".此公会摸鱼中～""",1217724130,"""[s]99号技师""",1250543382743,882
"""小熊和他的杂毛们""",1217508793,"""陌蓝（在挖""",1062335685133,883
"""总之就是非常阳寿""",1217433992,"""徐徐龙""",1294539947571,884
"""休伯利安海外事务所""",1217419079,"""羽守酱#01氵34""",1377599505936,885
"""缘结少女神社""",1217384415,"""相簿OvO""",1301407998710,886
"""江南撸猫团""",1216957147,"""阿祖喵""",1020167749173,887
"""兰德索尔晨间的太阳""",1216911832,"""肖战偷了叶恋的胜点#""",1058924510796,888
"""M78幼儿园""",1216724422,"""洞爷湖""",1195164894799,889
"""碧蓝幻想""",1216293874,"""小小旗子""",1234794361957,890
"""放课后teatime""",1215868915,"""平沢唯""",1054944401937,891
"""枫叶""",1215138407,"""。枫""",1101434872323,892
"""AOA骑士团""",1215100864,"""黑猫酱""",1072994373189,893
"""世伊灵波~""",1215007687,"""lyger""",1322346923518,894
"""怎么可以吃兔兔""",1214849054,"""咕噜咕噜""",1164590251544,895
"""天门""",1214841634,"""殇梦之夜""",1340368862772,896
"""霜叶红.ICU""",1214707789,"""Muxin""",1381456632364,897
"""幻尘羽落""",1214459925,"""Mu星者""",1283432369932,898
"""蕊蕊单推会""",1214394619,"""生气会怎么样嘛""",1169659896364,899
"""四月是你的凯露""",1214111156,"""蓬莱山辉夜姬""",1135520094752,900
"""36D""",1214107130,"""柚子茶""",1186428485188,901
"""初夏的樱花""",1213959323,"""熬夜想偷瓜""",1048945555541,902
"""对不起优衣""",1213687734,"""克里斯""",1295371461122,903
"""永冻黎明""",1213340105,"""雨琴""",1147228638756,904
"""原来你也玩原神""",1212896114,"""熊猫""",1033442577949,905
"""旅行屋""",1212676323,"""酱油菌Plus""",1161405253111,906
"""打工人保护协会""",1212491777,"""Phenix""",1369858398710,907
"""大枫树的家""",1212286917,"""静雨   米波""",1169158161965,908
"""kira""",1212039999,"""冷寂夜""",1249431109196,909
"""片羽小驿""",1212026911,"""Yui""",1071046315568,910
"""微积分全球粉丝后援会""",1211475105,""" | 白羽喵""",1186060357120,911
"""切噜语小课堂""",1211435313,"""TSK灬落叶之舞""",1349305416366,912
"""拉拉肥养殖基地""",1211371262,"""新岛真""",1414986488329,913
"""山头沟焊接厂""",1211304938,"""七进七出ICU的千夜""",1258107256375,914
"""放浪神之加护""",1211270814,"""Natan""",1249762501167,915
"""越共跳高会""",1211237548,"""黄瓜炮""",1401753950787,916
"""露娜的朋友""",1210730788,"""怒涛之心""",1049105553925,917
"""少女的蓝白胖次""",1210710515,"""四季夏目""",1304408849916,918
"""绯红之月""",1210690390,"""圆""",1166626632339,919
"""新年妙妙喵呜""",1210502713,"""优优""",1425230635564,920
"""60年目东方裁判""",1210355607,"""魔术猪""",1081364856389,921
"""希望之峰侍奉部""",1210286919,"""折虚P""",1260090923530,922
"""牛奶雪糕糕""",1210265482,"""昔早""",1337007899635,923
"""舌尖上的兰德索尔""",1210200081,"""Dertar""",1231225208391,924
"""优衣对不起""",1210200073,"""我是鄢家尉""",1176349073989,925
"""非常绅士联盟""",1210200069,"""大头君""",1258317381155,926
"""麦的抱抱""",1209833403,"""Quit 丨""",1225018155521,927
"""Alley Cats""",1209785058,"""爱吃桃子的大月月@R""",1125364958759,928
"""*星尘十字军*""",1209295059,"""...""",1183738309180,929
"""重症监护室（ICU）""",1208920313,"""kaisa""",1168984107554,930
"""纵世间轮转""",1208840230,"""Nioh""",1066309624301,931
"""咕啵咕啵""",1208585490,"""moonz""",1155559825927,932
"""比尔吉沃特""",1208028638,"""无白银素敵仲間増""",1274882398746,933
"""能鸽善鹉""",1207983059,"""炸脖龙""",1361322360324,934
"""白嫖会""",1207950787,"""福震""",1037173931523,935
"""镶金玫瑰养老院""",1207890903,"""#莉丝缇亚""",1095394552332,936
"""越富狠大天团""",1207857423,"""有子""",1402059998777,937
"""咕咕咕随缘鸽""",1207784537,"""存在丶零度""",1329752030743,938
"""大家都是欧洲人""",1207760230,"""幻丿久须里""",1350906283532,939
"""远东魔法午睡结社""",1207409771,"""FeAtheR""",1204910021181,940
"""银白风花纱""",1206924077,"""千叶""",1027271877114,941
"""人均欧皇十连必虹""",1206761666,"""玉沦尘尘尘尘尘""",1166267310705,942
"""樱之午睡社团""",1206574413,"""眠梦""",1012638917147,943
"""Re.Dd大枫树""",1206384205,"""白嫖怪""",1016952005127,944
"""五右卫门泡澡桶""",1206364387,"""[b]溪西子嫣""",1049303006700,945
"""追寻夜空的繁星""",1205674807,"""黑姬""",1239510289976,946
"""璎珞""",1205567283,"""  果糖""",1181371230716,947
"""听雨阁""",1205156964,"""故笙""",1247730091506,948
"""代达罗斯之殇""",1204665819,"""水清月明""",1045465464361,949
"""大青花鱼""",1204624522,"""迪你老姆""",1289734494796,950
"""北宇治高校吹奏部""",1204515213,"""傘木希美""",1010758008329,951
"""咕咕咕""",1204319791,"""Shinano""",1115292433953,952
"""幻想乡偷懒协会""",1204041024,"""鱼香笨熊亅""",1226355680308,953
"""三重奏ReLink""",1203691266,"""傻喵""",1397809173164,954
"""蠢萌公主想让我氪金""",1203560326,"""A缘林如梦1 XY""",1257762373186,955
"""永世隔绝的理想乡""",1203398300,"""夜无月""",1353992542796,956
"""锉刀同好会""",1203316747,"""花凛""",1241118661138,957
"""出完刀就算成功""",1203301181,"""猫灯 H""",1024620075570,958
"""咕噜咕噜霊波""",1203227009,"""adad88""",1319678353935,959
"""吃饭饭打豆豆睡觉觉""",1203021677,"""小不点氵34""",1295416081939,960
"""浮世三千""",1202886761,"""浮生北璃（在群）""",1428040472345,961
"""徒安生故事会""",1202833451,"""chord""",1013972625921,962
"""Neko殿""",1202683720,"""[s]死栞""",1254841899531,963
"""公主连结（萌新）""",1202582494,"""恹恹""",1315312478792,964
"""环奈连结""",1202537034,"""接头霸王""",1243964587569,965
"""星尘十字军""",1202398817,"""#七仔""",1013183761923,966
"""圆环之理""",1202375349,"""馒头卡""",1243274795582,967
"""洛水天依""",1202362555,"""雪瞳雨眸""",1310003782762,968
"""波斯猫""",1202151662,"""团子""",1125787256363,969
"""百猫海贼团""",1202117556,"""安康鱼""",1388199493177,970
"""白帝妙妙屋""",1202097631,"""鱼圈圈i""",1173627926766,971
"""桜高輕音部""",1202010835,"""Asuka""",1335447160335,972
"""米奇喵喵屋""",1201896730,"""。琪露诺最聪明""",1073230200333,973
"""后宫养成记""",1201781077,"""野兽带师69""",1153132177915,974
"""老咸鱼聚集地""",1201765979,"""小鹿包dayo""",1259491451588,975
"""应时之雨""",1201332559,"""蓝色的梦眼""",1155291896344,976
"""星辰""",1201224076,"""七个柠檬""",1091738566719,977
"""琉璃深夜掉刀会""",1201109207,"""鬼辞sama""",1419999992326,978
"""真步真步王国""",1201027715,"""吾师""",1222779256360,979
"""飞了手动出刀的""",1201015319,"""WNSGB""",1212014993943,980
"""lo娘会长徒手开西瓜""",1200719504,"""可乐与瓜""",1295695645248,981
"""No Name""",1200691509,"""Ghost Lane""",1391044984311,982
"""美少女萬華鏡""",1200347287,"""R12满专真琴""",1059050283513,983
"""白糯米团""",1199859926,"""爱尔瑞斯寧寧（吃井了""",1194542225956,984
"""焊头骑士""",1199726315,"""兔总呜呜呜""",1331081208322,985
"""大幕妙妙屋""",1199478449,"""桃莉""",1275477163527,986
"""海豹华击团""",1199431399,"""尘海""",1219106782712,987
"""失樂園""",1199276271,"""Devil幻凌""",1097999840315,988
"""Harem""",1199204815,"""一切都会好起来的^""",1097805355566,989
"""S1猫猫吃饭市场""",1199024839,"""是咖啡猫""",1411601989116,990
"""答应我早点下班好吗""",1199007863,"""IU""",1262346413194,991
"""火星救援部""",1198952085,"""果的坚强""",1387243870754,992
"""韩甜甜家族""",1198743801,"""韩甜甜的玄孙""",1063498974701,993
"""天涯战略团""",1198432056,"""莫神""",1177048773139,994
"""要 素 察 觉""",1198376645,"""鹫巢""",1321855761952,995
"""私立樱才学园""",1198294212,"""津田隆利""",1351226949153,996
"""牙白得死内""",1198256757,"""[s]睡神""",1174856240301,997
"""宇宙黃色闪光""",1198193412,"""不慌吃口药#""",1347350085133,998
"""kila转转转""",1198001552,"""kila""",1215704670766,999
"""鸽王的快乐鸽窝""",1197928668,"""小火龙""",1380299563569,1000
"""Y.F.""",1197892497,"""绕指银风""",1169145003552,1001
"""第六期调查团""",1197802021,"""丨吴彦祖RO丨""",1293608926759,1002
"""灵魂莲华""",1197284784,"""阿狸sama""",1194293779532,1003
"""钵钵鸡后援会""",1197211582,"""伊波Lily""",1292271710790,1004
"""大红莲团""",1196940793,"""真丶""",1180655147592,1005
"""大枫树""",1196882569,"""亮亮945""",1069368926723,1006
"""枯法者营地""",1196425784,"""辻肆""",1324904133125,1007
"""布丁的居所""",1196230911,"""[i]佑果""",1207566405108,1008
"""咸鱼子给爷爬""",1196021454,"""tikorua替身""",1331297249953,1009
"""幸福安心委员会""",1195924445,"""低语""",1201115512301,1010
"""好朋友社""",1195881432,"""切噜噜""",1365411857906,1011
"""世界第一的绝对领域""",1195769384,"""重生之580小号""",1144404709109,1012
"""艾蕾神教""",1195495614,"""堇挖矿抱歉挖完下防""",1383909317119,1013
"""玛娜莉亚魔法学院""",1195139122,"""九州月华""",1133351262790,1014
"""会长不代刀""",1195120742,"""非人哉#""",1008966598749,1015
"""星落美食殿""",1195057738,"""双马尾小兑""",1315926042013,1016
"""这不是公主联盟吗""",1194992749,"""淚時雨""",1031393707507,1017
"""松冈爱衣催婚协会""",1194932226,"""茅野爱衣 """,1062376209912,1018
"""泛四楼焊接屋""",1194710447,"""一颗树丶""",1394296773158,1019
"""加拉尔霍恩""",1194536312,"""九十九有码""",1201912235588,1020
"""化猫之宿""",1194521417,"""浮生碎影""",1139574009986,1021
"""森罗万象狂气断罪眼""",1194471453,"""幻葬10023""",1222145201978,1022
"""小小甜心叶总会""",1194180404,"""千夜月""",1136781790725,1023
"""樱木邸""",1193953779,"""中二少女六花酱""",1359395217942,1024
"""复活社""",1193927638,"""萌新丨夏""",1092354859572,1025
"""六六哥献祭仪式团""",1193895961,"""网络巨兔""",1119226950737,1026
"""没有东西可以保护了""",1193889127,"""西木野真姬N！""",1330031454720,1027
"""中土世界Arda""",1193850085,"""Sauron""",1054245989194,1028
"""十点下班睡饱饱""",1193810425,"""RemRem""",1111591313954,1029
"""京阿尼FA""",1193728162,"""镜花水月丶喵帕斯""",1141168990788,1030
"""欧皇""",1193713091,"""dcygp""",1413010296392,1031
"""偷走楼上楼下钻石""",1193599115,"""佑树_F""",1122629624322,1032
"""Judgement""",1193581941,"""可可丶巧克力""",1194869496332,1033
"""宫吧老哥不请自来""",1193502115,"""梦梦""",1098667281985,1034
"""要不你再充一万试试""",1193321398,"""傲娇""",1069820664350,1035
"""黑十字""",1193309746,"""天黑""",1072212830718,1036
"""丸山彩汽修厂""",1193299713,"""藍沢晶""",1310311160338,1037
"""钢板男酮会""",1193199485,"""’Member?""",1252420779518,1038
"""咕噜咕噜""",1193181115,"""憨小皮""",1206270430732,1039
"""泡泡茶壶！""",1193111851,"""Xopo""",1035356101146,1040
"""麻豆传媒映画""",1193054752,"""喵喵人""",1373314270727,1041
"""休闲会战""",1193054642,"""Akiaki  93""",1278632696383,1042
"""无光之盾""",1192989340,"""Phantom   """,1005558597100,1043
"""芒果布丁""",1192836469,"""kajaja爬公主场""",1224296030738,1044
"""异种族风俗娘评鉴团""",1192750142,"""大魔法师惠惠""",1386099934758,1045
"""星奏真爱会""",1192590929,"""kofibuk""",1297808965179,1046
"""命运石之门SG""",1192409684,"""谁是最爱实验妹啊！""",1332336632342,1047
"""k-on！""",1192264817,"""吃蛋挞""",1045009297947,1048
"""夏界""",1192236840,"""夏界""",1144757009960,1049
"""科隆尊""",1192108984,"""梓川翔子PM3""",1161712401955,1050
"""晴天旅团""",1191931741,"""艾姆露""",1185429905916,1051
"""兰德索尔萌新收容所""",1191874756,"""抹小茶""",1350845278796,1052
"""连结之物""",1191742608,"""余忆""",1091287134769,1053
"""赫斯海德""",1191356749,"""秦心（9-5狼）""",1300354680348,1054
"""红月摇曳的恋光""",1190954023,"""白羽""",1000183339525,1055
"""Airlines""",1190919537,"""冲田纱羽""",1148123486765,1056
"""演剧部""",1190805376,"""贝雷特""",1259377041939,1057
"""远东魔术午睡结社""",1190717036,"""[b]寒宿冰辰""",1109253113930,1058
"""天火""",1190690892,"""JXKSL """,1195650193946,1059
"""鸽子村生产大队""",1190666339,"""隐忍咕咕鸡""",1310462302717,1060
"""DC老师后援团""",1190471534,"""战歌""",1205250424359,1061
"""Oblivion""",1190426644,"""凰舞""",1379147129925,1062
"""东方幻想郷""",1190393661,"""是师匠呐 切噜咕噜""",1347529566700,1063
"""KiraKira行会""",1190375533,"""风无帆""",1384845278770,1064
"""依楼听风雨丶""",1190258876,"""麻栗子丷C""",1210279083584,1065
"""露伴社""",1190251948,"""露伴社is蛟刘""",1381678302744,1066
"""神罗公司""",1190045864,"""好咖我喝""",1273184350797,1067
"""Revue少女歌剧""",1190037143,"""大场奈奈X""",1122475179552,1068
"""年长型中二病专科门诊""",1189925374,"""闪光耿鬼""",1294375697907,1069
"""樱井望[sup]偶像""",1189856128,"""鸣濑白羽""",1299592363541,1070
"""咲之衣TeaTime""",1189845888,"""a咲之衣-千羽织""",1356338321905,1071
"""苍蓝钢铁""",1189820145,"""楠舞神夜""",1388924485189,1072
"""海王星""",1189729539,"""千鹤诺维姆""",1317986245186,1073
"""光之极耀""",1189647853,"""慌张的星月""",1173948408390,1074
"""木里哒 木里哒 打咩""",1189553563,"""管哥哥""",1249181304335,1075
"""山逸女昌馆""",1189284915,""" 山逸@""",1168135851527,1076
"""咕嚕靈波""",1189246963,"""一梦浮尘""",1189330910760,1077
"""红莲动物园""",1189076584,"""猫鼬斩""",1009869585949,1078
"""可可萝之梦""",1188980384,"""R12狼""",1402416070756,1079
"""冰沙店""",1188706208,"""大天使阿夸""",1048881963561,1080
"""鸽王世家""",1188602407,"""顾岛""",1350603102732,1081
"""我不想打公会战""",1188459414,"""奶茶""",1357925137955,1082
"""车车铝装后援团""",1188324129,"""榛仁麦片""",1014206430757,1083
"""克总家的后院""",1188250699,"""睡饱饱""",1211267013167,1084
"""再见了少女前线""",1188242958,"""小宝几麻袋""",1235138886745,1085
"""迦勒底兰德索尔分部""",1188191484,"""鸣濑白羽（铜）""",1036659064308,1086
"""肚皮怪洞窟""",1188183250,"""桐岛叶""",1384120958748,1087
"""DD同盟会""",1188021596,"""莲.55""",1207944363578,1088
"""苍灵""",1187996962,"""赤""",1400371960356,1089
"""东西""",1187899673,"""1qazse4c""",1227465080340,1090
"""Explosion!""",1187834170,"""lasthero""",1370489285123,1091
"""风之国度""",1187447679,"""樱泽墨""",1238025464388,1092
"""@燃 起来没？""",1187222041,"""鸭类鸭类""",1182913784337,1093
"""特殊资产经营事业部""",1187215680,"""小仙""",1144925739540,1094
"""黑喵骑士团""",1186962689,"""神乐坂雏""",1399921886771,1095
"""小小甜心社""",1186854258,"""京团""",1174475800323,1096
"""兰德索尔的苍蓝星""",1186800497,"""茶酒""",1119773867568,1097
"""喵唯后援团""",1186325475,"""白咲花#9""",1233169989130,1098
"""东煌联盟""",1186087205,"""水门柬""",1311707102703,1099
"""黑姐粉丝团""",1185953256,"""罗德利欧""",1166937669193,1100
"""切噜啦噜啦""",1185816831,"""啊~好烦呐！""",1344525073964,1101
"""不是每一个会长都女装""",1185678060,"""随意play/#""",1357425809910,1102
"""音希殿""",1185632696,"""洛洛""",1316814840367,1103
"""镜影华胥梦""",1185315729,"""綾瀨柚葉s（在挖""",1354450475536,1104
"""黑色暴牛骑士团""",1185098279,"""Mae""",1212978321921,1105
"""胖次蓝""",1184856151,"""大虎哥""",1392776363589,1106
"""末囸谎言""",1184807974,"""佬母猪""",1348628472304,1107
"""没事殿堂""",1184579657,"""夏弋_A养老勿扰""",1333449105982,1108
"""梦境边缘""",1184269780,"""一色彩羽""",1279883205192,1109
"""虚数潜航艇""",1184234813,"""LordCamelo""",1115597201952,1110
"""抑郁偷瓜会""",1184234157,"""黄瓜御姐萝莉控""",1283027707534,1111
"""恩奇都保护协会""",1184201548,"""八雲 琳""",1093688465909,1112
"""薄暮TeaTime""",1183174187,"""椎名真昼""",1172747870714,1113
"""迟道project""",1183102826,"""ZUN""",1429397035554,1114
"""男波重工""",1182830845,"""杰~起飞""",1203393707546,1115
"""月之同盟""",1182742844,"""快乐咸鱼1551""",1087131205132,1116
"""RCVO粤语配音组""",1182704832,"""紫丞少主""",1053427678764,1117
"""UMA大胜利""",1182696103,"""憧子""",1277358865920,1118
"""兰德索尔金属冶炼厂""",1182624144,"""死生 """,1315205214743,1119
"""兰德索尔矿产无限公司""",1182535330,"""小小萌新""",1155710174750,1120
"""昕月之羽""",1182510215,"""八分之一""",1128423622741,1121
"""专业焊接头霸王""",1182470151,"""百合君""",1171895518788,1122
"""世界很美好""",1182130474,"""大叔野疯狂.鷇""",1273371718794,1123
"""八重夜话""",1182124696,"""炎喵喵的龙骑士""",1161249937985,1124
"""兰德索尔娱乐会所""",1182085616,"""灵梦雪子""",1071278865957,1125
"""PCR很休闲的""",1182061738,"""英司""",1375042757140,1126
"""安乐酱女装游乐场""",1181832513,"""找个地方安乐死""",1191727790764,1127
"""华恋十三剑""",1181614170,"""茶里茶气（新）""",1114705989161,1128
"""审判头盔""",1181514899,"""魔鬼筋肉人""",1212749867564,1129
"""Vanguard""",1181255837,"""丹下樱""",1385143877106,1130
"""爆炒黄油匆""",1180920149,"""黄油匆""",1173243051578,1131
"""朔月幼稚园""",1180857553,"""五毒""",1070031715506,1132
"""激萌猎团pcr考核部""",1180622607,"""果咩捏UE""",1013995077167,1133
"""真步公主""",1180571573,"""扯淡淡""",1155643465979,1134
"""凯露真是太可爱了""",1180276031,"""Red""",1009115512352,1135
"""玛娜利亚魔法学院 """,1180171375,"""波尼馬""",1236801912378,1136
"""幻想嘉年华""",1180165356,"""冰摇白桃柠檬茶""",1287478827505,1137
"""PSG.LGD""",1180158179,"""子午年华""",1181532561970,1138
"""臭鼬保护协会""",1180119218,"""灵梦酱.""",1366616081915,1139
"""娜娜莫骑士团""",1179966068,"""秋山澪""",1060548139577,1140
"""小火龙天下第一""",1179935642,"""翼飞""",1145547179531,1141
"""Rebones!!!""",1179925141,"""一个弟弟""",1019245790798,1142
"""奥兹""",1179790184,"""惰天使""",1055933585983,1143
"""大枫树""",1179741055,"""时间法师""",1222325829183,1144
"""吟游诗人之歌""",1179506043,"""Kyo""",1142447659599,1145
"""盛放的双轮之花""",1179426251,"""噔噔咚海帝王""",1361354718705,1146
"""超和平咸鱼工会""",1179388691,"""狂三""",1267434057920,1147
"""SOUL DEW""",1179095856,"""泰迪在哪^里""",1053912134756,1148
"""星之内海EX""",1179028346,"""哈哈拳""",1392295752333,1149
"""辣辣七奈军""",1179016479,"""集薪""",1037275896361,1150
"""阿斯塔（还差一人""",1178982024,"""温柔一刀 """,1210535493174,1151
"""青恋母猪一型""",1178805630,"""辣言""",1408155923541,1152
"""雪落莲华""",1178709838,"""雪落千花""",1027235397189,1153
"""天使保护协会""",1178584846,"""白夏""",1232344261177,1154
"""欧洲人公会""",1178537729,"""四宫辉夜N""",1367635550737,1155
"""四叶草剧场""",1178493596,"""深橙""",1152756472347,1156
"""黑夜行歌""",1178349147,"""唯梦而已丶""",1208533035501,1157
"""花舞义竹""",1178235453,"""小酸奶""",1190628576386,1158
"""蓝色波斯菊""",1178093008,"""玲璐璐""",1348968824300,1159
"""紅霧夜華""",1178060900,"""我不听""",1126855902708,1160
"""雪初姬的后宫团""",1178031721,"""浅海蜗牛""",1413976824341,1161
"""超自然研究协会""",1178001485,"""114514#419""",1365347934794,1162
"""璀璨星光""",1177981094,"""130专妹法（防借错""",1407075473991,1163
"""异世界闲鱼王""",1177680927,"""YzY""",1067428625942,1164
"""丛雨天下第一""",1177414690,"""小憨憨。""",1299759864310,1165
"""钉宫同好会""",1177348116,"""叽""",1228179909130,1166
"""享受游戏快乐auto""",1177324508,"""祝单抽emt""",1293820715556,1167
"""卡其脱离太（冰""",1177194933,"""冰""",1171681656397,1168
"""夜雨风筱""",1177132034,"""宕夜""",1397231557105,1169
"""T.T.S""",1177092868,"""时光诉说""",1222540536309,1170
"""PCR怀I曰服""",1177066088,"""高坂京介""",1139743531540,1171
"""春江花月烨""",1177025956,"""山抹微云""",1294187333118,1172
"""阿库娅大家族""",1176951685,"""神楽夸""",1348325393952,1173
"""一剑霜寒十四州""",1176869828,"""褚嬴""",1315695993996,1174
"""咕噜咕噜灵波歪比巴卜""",1176839438,"""5w円一次""",1425897003544,1175
"""膜法研究协会""",1176634030,"""Hinata""",1313158240310,1176
"""露娜诺瓦魔法学园""",1176536784,"""mikimikiP""",1284519083574,1177
"""星空下的咸鱼""",1176492042,"""入梦星空""",1114680875525,1178
"""异世界美食评测团""",1176429781,"""Ayu""",1164669381133,1179
"""LL虹之咲游戏研究部""",1176216822,"""Ro""",1216922361909,1180
"""樱花庄的北洋城""",1176184956,"""丛雨#""",1154039416339,1181
"""索菲亚的炼金工房""",1176106671,"""拉米多""",1024999136378,1182
"""cdd""",1176004217,"""ue永远是我老婆""",1103512672341,1183
"""异种族茶茶子检评录""",1175737582,"""[b]冽无风""",1382924689985,1184
"""国服第一睡饱饱公会""",1175719042,"""柳絮风起""",1339653265925,1185
"""天井对冲联盟西河街办""",1175634774,"""兰翊""",1087100358783,1186
"""喵内""",1175520141,"""十个橘子""",1295372254799,1187
"""罗文鸟保护谐会""",1175429564,"""OPG2餐馆 擀""",1309375633922,1188
"""凯露与TA的小伙伴们""",1175342717,"""阿丸""",1325650705953,1189
"""少女幻葬～""",1175241492,"""Toryuki""",1012221099553,1190
"""霓城夜游""",1175195632,"""米勇""",1389032645144,1191
"""老肝部活动中心""",1175156120,"""落樱嫣然  奲F""",1300985515589,1192
"""走投无路农民工打天下""",1175094982,"""加速CQC""",1220496990761,1193
"""月世界""",1174981887,"""真寒""",1049963665990,1194
"""静听花落""",1174941274,"""龙宫礼奈""",1132854008381,1195
"""咕噜阁""",1174909786,"""咕噜灵波@米波""",1307667729982,1196
"""焊接的牧野社""",1174398183,"""咕噜灵波～阿黄""",1343532997138,1197
"""树梢休闲会""",1174213213,"""炭烧白咖啡""",1089890246743,1198
"""莲华神社""",1173967570,"""音无""",1277038201996,1199
"""小仓唯后援团""",1173923515,"""纱雾""",1336989304322,1200
"""十三机兵防卫圈""",1173785862,"""季月""",1298924357158,1201
"""特殊人群聚集地""",1173674925,"""主人""",1271191878765,1202
"""天之国""",1173645172,"""欧次（恰币）""",1165674617983,1203
"""乖离性养老工会""",1173419438,"""亦可赛艇""",1352478661193,1204
"""蒙德城飞行冠军""",1173239745,"""魂灬聖 ）""",1168747665991,1205
"""公主萌约丶宫殿""",1173118485,"""包包""",1327713861128,1206
"""恩佐斯绝境战""",1172889097,"""脚底打滑""",1297951889992,1207
"""花之御所""",1172823827,"""旋城""",1348009131524,1208
"""WinDy！""",1172801024,"""名i""",1401410833927,1209
"""超次元游戏""",1172546648,"""奈叶""",1019722138065,1210
"""公会名字不超过十个字""",1172529364,"""修车师傅丸山彩""",1027768395525,1211
"""世界第一公主殿下""",1172404126,"""結花璃[sup]伊始""",1371077854718,1212
"""这合理吗""",1172171510,"""SaltyC""",1297883921996,1213
"""神眷恋的幻想乡""",1172031916,"""夏非""",1120989995554,1214
"""八云紫家的幻想乡""",1171946967,"""一只王八""",1016135697972,1215
"""大米果冻""",1171806668,"""夏""",1094325393997,1216
"""星之轨迹""",1171734804,"""理查蛋""",1078953088412,1217
"""迦勒底""",1171672344,"""叶子""",1099869739595,1218
"""Valorant""",1171635266,"""警骑士""",1031082385928,1219
"""铜华团""",1171628307,"""Bakgo""",1408408414741,1220
"""贴贴茶会""",1171230305,"""银河公主恶魔兔""",1277346577931,1221
"""近在咫尺的幻想乡""",1170924353,"""黄前久美子""",1428016709169,1222
"""樱吹雪的贝壳茶壶""",1170828170,"""木槿凉兮明月夜""",1112245318726,1223
"""妖都PCR同好会""",1170767643,"""Ina'nis""",1030084984396,1224
"""DD组“风”应援团""",1170566792,"""风""",1192458181168,1225
"""雾之湖""",1170528339,"""多多良小伞""",1358637432362,1226
"""指引明路的咕噜灵波""",1170422837,"""煌Akira""",1338956638720,1227
"""茶颜月色""",1170327805,"""一杯柠檬清茶无sl""",1384690859580,1228
"""Homolive""",1170150204,"""＆咸鱼DD""",1183916049926,1229
"""养鸽场""",1169962406,"""孝里藏dio""",1108155057963,1230
"""鸭梨傻的算数课堂""",1169928497,"""松鼠""",1397686673962,1231
"""小小甜心睡大觉""",1169832623,"""软饭31""",1249918942738,1232
"""赤磐神社""",1169772979,"""RockeyZ璃""",1001539141190,1233
"""今天你井霞了吗？""",1169562075,"""Johnny'地界""",1417634987543,1234
"""咸鱼的天堂""",1169333388,"""皇陵夜羽（桃""",1247956600301,1235
"""东方幻想乡""",1169249561,"""铃音八月""",1303329989150,1236
"""无情猫猫头""",1169088102,"""九州云寒p24""",1284818910766,1237
"""迦勒底远征军""",1168851711,"""无钻转生拿不出真本事""",1091178462705,1238
"""萌神妙妙屋""",1168733960,"""代码""",1298529016359,1239
"""艾欧泽亚老年大学""",1168587821,"""曰华""",1329319595554,1240
"""放學後茶會""",1168513775,"""唯唯唯唯唯""",1111135739555,1241
"""白昼幻境永夜流星""",1168454912,"""幻龙""",1350206661154,1242
"""獣耳连结：会长跑了""",1168454910,"""思路清晰老熊猫""",1319754288354,1243
"""鲜嫩多汁的糖粉团子""",1168451556,"""佐仓樱""",1144834833926,1244
"""大佬联萌""",1168174171,"""上课没钻#了""",1407440862709,1245
"""铁锤扎懒汁""",1168052317,"""锤子""",1082593630758,1246
"""猪猪乐园""",1167986544,"""蕾妮特""",1240132395584,1247
"""恶魔伪王囯军""",1167934789,"""某孙""",1020632774711,1248
"""ShuFFle""",1167859410,"""金陵@4狼末1护摩""",1020039569922,1249
"""奥林匹斯众神""",1167825087,"""NIni#""",1236892408395,1250
"""智乃酱的咖啡厅""",1167720809,"""喵都踩我（铜）""",1285215403550,1251
"""饭友连结（起飞）""",1167718186,"""我妻蕾姆～#未挖别打""",1188435550768,1252
"""Hanserena""",1167550500,"""男主角""",1236027793931,1253
"""丸子与银河龙""",1167543339,"""泠冽雨""",1077061805158,1254
"""PCR咸鱼骑士君团""",1167462768,"""零号机 鸽3""",1268250565143,1255
"""拜芙教""",1167427700,"""社保桑（在挖）""",1137079518740,1256
"""永恒Eternal""",1167397499,"""樱岛麻依H""",1270827845199,1257
"""零点酒吧""",1167392465,"""小五""",1101493803546,1258
"""昏 睡 红 猹""",1167385594,"""織部裡沙""",1133195205195,1259
"""圣殿骑士团""",1167259706,"""可爱即正义""",1205624905937,1260
"""suda""",1167234370,"""汽水""",1094397483520,1261
"""记录的地平线""",1167202241,"""（在挖）肿喵不肥""",1300435294703,1262
"""D.D.D.D.C""",1166973490,"""Ku爩ro""",1083972369995,1263
"""甜心香香睡饱饱""",1166908467,"""黑猫@萝圈(文乃真粉""",1038042080332,1264
"""飘雪书院""",1166771103,"""Zoe在挖""",1051366648312,1265
"""海豹窝""",1166671268,"""芜湖男酮大司马""",1210753200331,1266
"""夜雨秋池""",1166553309,"""Passion""",1273731909184,1267
"""无何有镜""",1166455548,"""暗痕之影""",1077918507505,1268
"""迦勒底摸鱼协会""",1166357555,"""阔静原野""",1188237688323,1269
"""格林爆裂""",1166172372,"""tianddy""",1052982753996,1270
"""欢脱萌""",1166112829,"""皮皮兔""",1165943469193,1271
"""群嘤荟萃""",1165848227,"""晴空""",1336080325155,1272
"""风犬少年的天空""",1165788565,"""狗哥""",1345051793914,1273
"""十年樱之诗百年樱之刻""",1165571114,"""[b]小小萌新""",1000569182793,1274
"""樱花庄的大枫树""",1165450020,"""四季小枣 挖矿冒犯""",1025316395535,1275
"""解析几何""",1165299023,"""残翅亦飞""",1357593387505,1276
"""阿卡姆人才市场""",1165216732,"""莫比乌斯""",1294511659585,1277
"""跳蹦蹦波灵噜咕""",1165034910,"""酒糖""",1155298526783,1278
"""椒盐海豹保护协会""",1164971993,"""夏川GA""",1097772177995,1279
"""呜噜呜噜""",1164888543,"""羽心""",1053086942703,1280
"""水族馆""",1164868203,"""[c]也行""",1161957829145,1281
"""佛系仓鼠养生咖啡屋""",1164833707,"""米莱""",1278714641941,1282
"""皮卡丘的优衣后援团""",1164654282,"""gaga""",1182495846804,1283
"""真步真步甜心王国""",1164602501,"""紫夜墨麒""",1324497681901,1284
"""风铃物语""",1164440842,"""风物语""",1298520341127,1285
"""LSP养老院""",1164340442,"""卡托""",1257147973182,1286
"""咸鱼不是死鱼""",1164194279,"""游沢""",1345209899568,1287
"""魔女茶话会""",1164172126,"""始源林海""",1074512632393,1288
"""欧非守恒定律协会""",1163972913,"""Re.梅普露""",1226480094710,1289
"""切噜灵波""",1163950511,"""狸兹尔""",1346480529970,1290
"""星影茶会""",1163891958,"""纯白""",1213026270765,1291
"""Re.欧气魔法学园""",1163805560,"""长月""",1289543211500,1292
"""真夏夜夜与翩翩萤火""",1163604397,"""[b]睡不醒的时时雨""",1273296837172,1293
"""化猫之宿""",1163559857,"""妄月""",1082828408337,1294
"""挂树啦！臭鼬森友会""",1163477289,"""Ninety""",1162684766701,1295
"""普莉可奈中学部""",1163375038,"""cr""",1245841861186,1296
"""无悔的选择""",1163291909,"""利威尔""",1089282091556,1297
"""星之所愿""",1163094851,"""老朽""",1138546347506,1298
"""丸之山下缤纷彩""",1163043116,"""毛毛""",1206676779575,1299
"""忍法-烈火之红莲旋风""",1162921464,"""时间刺客罗志祥""",1041419870737,1300
"""鲨鱼牛子被偷了""",1162812729,"""宜家鲨鱼""",1245079569943,1301
"""百地希留耶保护协会""",1162799733,"""小心魔界人""",1206717253116,1302
"""有空一起睡觉""",1162606679,"""马猴烧酒瓦格雷依存亲""",1066432069123,1303
"""拯救佩可莉姆大作战""",1162547625,"""佩可莉姆""",1025742917168,1304
"""萝莉同好会""",1162542344,"""我xcw呢""",1069696965100,1305
"""所以说啊，不要停下来""",1162515751,"""桥本电次""",1099814494779,1306
"""兰德索尔车神应援会""",1162483868,"""对不起优衣不是不爱你""",1177713400338,1307
"""老绅士了""",1162445924,"""奉公守法塔露拉""",1385908677166,1308
"""冰花雪夜VTuber""",1162357477,"""克鲁鲁采佩西""",1101878808349,1309
"""R.e.""",1162350572,"""丶夏空*""",1107041067564,1310
"""5g时代咋还妹来""",1162241627,"""打个大西瓜""",1175451205131,1311
"""金合欢的初雪之夜""",1162060440,"""可可萝天下第一""",1114891435543,1312
"""雪叶落满身""",1162056890,"""回放我们的童年""",1019233477123,1313
"""1/6""",1162041790,"""是白熊鸭丶""",1218632006747,1314
"""nonono""",1162024448,"""f1""",1166326934701,1315
"""我很好奇""",1161892600,"""拉娜娅  414""",1354083883539,1316
"""雨之霁""",1161845316,"""歌寂""",1125735187531,1317
"""碎月柠檬妙妙屋""",1161824038,"""蒲公樱灬""",1427165585901,1318
"""你喜欢可莉吗""",1161815425,"""cory""",1186929017924,1319
"""小小甜心图书馆""",1161784254,"""牛奶紫薯西米露""",1059731883551,1320
"""黄金秋刀鱼""",1161722365,"""安逸""",1285172421137,1321
"""轮舞""",1161710059,"""四井仓""",1209704824336,1322
"""友谊天下""",1161531481,"""SAIKI""",1242744363573,1323
"""佩可莉姆的饭桌""",1161515026,"""#无边的沙漏""",1042135622727,1324
"""卫生计划委员会""",1161406206,"""叫我xy""",1386584901108,1325
"""鞘中赤红""",1161377182,"""802土老帽11""",1316395819553,1326
"""让其响彻""",1161338466,"""和真（挖矿求放过）""",1308000222708,1327
"""Key社天下第一""",1161331492,"""白羽""",1114910251523,1328
"""青龙帮学习小组""",1161285213,"""Musou""",1369819486716,1329
"""让雪大佬爬""",1161269603,"""小兔软糖oxo""",1216538590792,1330
"""咸鱼同好会""",1161054936,"""非酋酋长""",1325620421171,1331
"""这个行会大有问题！""",1160971740,"""季夏三""",1374414430742,1332
"""天天甜心刀天天睡饱饱""",1160904426,"""（佑树二号）""",1052120312340,1333
"""长夜余火""",1160894277,"""阿蒙""",1197955832335,1334
"""安定区""",1160848315,"""没有公主的我""",1379999301190,1335
"""佩可的自助食堂""",1160800891,"""BOSS""",1175701905994,1336
"""会长吃井全员出货""",1160782700,"""伊诗塔雅""",1385442040300,1337
"""冰下之城""",1160679363,"""风空""",1106875947568,1338
"""游戏治疗会""",1160547842,"""萨格特斯""",1064533982717,1339
"""咕噜灵波de茶会""",1160423582,"""mist""",1197318520373,1340
"""一期一会""",1160137715,"""碧碧""",1329282347528,1341
"""萝莉收容所""",1160049574,"""月影""",1186055313911,1342
"""热心网友发展协会""",1159893009,"""ArcherWS""",1264837880338,1343
"""妈妈让我再欧一次！""",1159892282,"""绝世欧皇不请自来""",1073861419579,1344
"""喵内单推团""",1159865388,"""七煌宝树""",1287893829168,1345
"""迦勒底亚斯""",1159844987,"""佑树君""",1217746526770,1346
"""神圣罗马帝国""",1159687713,"""认真三刀就是爹""",1299029573183,1347
"""K.K.P""",1159659534,"""XO.洛北寒霜""",1188374085135,1348
"""星辰驰骋的终焉蔷薇""",1159650686,"""早退不准时得泫神""",1170706144377,1349
"""月夜的黑猫团""",1159650288,"""（红发赤瞳萌林檎）""",1427168478786,1350
"""Gui头明Li后援会""",1159617569,"""青99凸@v@凸""",1351413317183,1351
"""彩笔链接""",1159572943,"""葱烧芋子""",1278418936311,1352
"""黄浦江暴鲤龙""",1159534302,"""我又猫了""",1231279685145,1353
"""小小甜心114514""",1159534157,"""病娇真可爱""",1232109585922,1354
"""点兔咖啡厅""",1159511692,"""喂！别捡我兔子啊""",1232872929996,1355
"""雷茵格尔""",1159180348,"""xiaomo""",1336643985956,1356
"""锦瑟""",1158953159,"""天寒清雪""",1142178219515,1357
"""SE.RA.PH""",1158927216,"""祈丶三曰月""",1339030315544,1358
"""动物鸽友会""",1158898225,"""绯红之王""",1372823621181,1359
"""lv6研究大枫树社""",1158866935,"""御坂美琴""",1380202923592,1360
"""吸血鬼萝莉猎人协会""",1158860798,"""岭上使Saki""",1214242065927,1361
"""落樱神社""",1158827030,"""杰克""",1042989534789,1362
"""可可萝铜业有限公司""",1158801655,"""mi""",1230828715524,1363
"""喵毛趴""",1158789922,"""[i]利口锂s""",1315446750745,1364
"""最弱三十人""",1158736266,"""后宫王丷cc""",1285529157119,1365
"""断幺九鸽式会社""",1158647487,"""绿坝鸽""",1152403117110,1366
"""Y.K.桜井色""",1158549448,"""Y.K猫理子喵""",1000989918702,1367
"""花园粑粑""",1158528732,"""琪琪""",1410822622763,1368
"""公主守望""",1158219292,"""伊境彼方""",1401940062755,1369
"""超魔导龙骑士团""",1158180849,"""氷川紗夜""",1417652574788,1370
"""真理之剑""",1158136447,"""有纪""",1384314411505,1371
"""埃罗芒阿""",1157799527,"""苏铭""",1341434131589,1372
"""W.H""",1157786245,"""ArMy""",1146600619531,1373
"""幽世鬼神的居酒屋""",1157697276,"""百鬼绫目（虚拟萌宠""",1256268254721,1374
"""水电站后援会""",1157688503,"""橘""",1393504710749,1375
"""萝莉养成计划！""",1157512918,"""Ragnarok""",1308841566709,1376
"""兰德索尔喫茶馆""",1157471975,"""老咸鱼<0>""",1425419000395,1377
"""CreamParty""",1157469219,"""律""",1349274821104,1378
"""CCCP""",1157461968,"""刹那那""",1338464481906,1379
"""全球大杉寨""",1157318457,"""沐杉""",1405259333118,1380
"""盛夏微风""",1157318007,"""八重饭团""",1384173534700,1381
"""哒了个哒哒哒哒哒""",1157299906,"""云初槿""",1429480195694,1382
"""蛋糕的烘焙工坊""",1157272878,"""奶油蛋糕""",1387554373106,1383
"""接头霸王委员会""",1157247640,"""wxzby""",1054324702788,1384
"""終點的懶人群""",1157225199,"""冰风君""",1238768862766,1385
"""发piu""",1157216448,"""HAN""",1311035000344,1386
"""Defiance""",1157176732,"""盲目吃鱼""",1156308984336,1387
"""EIGHTH""",1157175329,"""龙涛pjjc群""",1086741649950,1388
"""臭鼬焊接进阶学校""",1157155103,"""折木筱寒""",1148760952392,1389
"""伊甸园""",1156950145,"""沫年""",1294509227537,1390
"""妖灵86""",1156851458,"""白衣""",1255670955552,1391
"""优衣，对不起了！""",1156827422,"""凝光幻剑""",1043105758789,1392
"""慈乐之声""",1156782990,"""楚岚秋（连续两天结仇""",1134524843500,1393
"""试试就试试""",1156745117,"""我在东北玩莉玛""",1334952721954,1394
"""百地希留耶想去海边""",1156731687,"""Mint.""",1348425774724,1395
"""兰德索尔查话费""",1156486866,"""鱼渊""",1044134112354,1396
"""维内托装甲研讨会""",1156220813,"""相麻猫""",1121930411543,1397
"""小小甜心大大牢饭""",1156100731,"""星之痕@喵喵喵""",1170404907567,1398
"""宫子的布丁花园""",1155976743,"""羽凛林""",1257110112369,1399
"""VolksPlay""",1155896925,"""圈圈 @51""",1028055057965,1400
"""毛玉单推协会""",1155615892,"""萌毛玉""",1123205496376,1401
"""时樱""",1155597831,"""GiftiaMiJi""",1128030149144,1402
"""午后摸鱼""",1155515832,"""橙子喝橙汁丶""",1367479057957,1403
"""智障网友欢乐多""",1155343750,"""露娜""",1173413829180,1404
"""寻回暑假的过法""",1155233195,"""CAT006""",1396842923548,1405
"""萌罗天真""",1155134978,"""女神阿库娅""",1241897720396,1406
"""genso幻想駅""",1155052796,"""白衣巡夜@ax""",1105236728387,1407
"""镜水团""",1154624784,"""春田(NOJIMA""",1054792056362,1408
"""卡其脱离态自驾奔跑会""",1154575775,"""宝石能催刀机器人""",1203468229192,1409
"""放课后小屋""",1154511148,"""Nu.""",1240789958756,1410
"""宛如梦幻""",1154274497,"""Hashashin""",1000596651540,1411
"""觉醒女装进行时""",1154098321,"""心疼我狗萌萌哒TX＊""",1366895454786,1412
"""废狗母猪联谊社""",1154083061,"""北江王""",1173478571552,1413
"""伊蕾娜后援会""",1154059156,""" 白神遥""",1156325342765,1414
"""境界线的事业线""",1153763102,"""古雷提尔""",1426082629153,1415
"""又双叒叕遇难了""",1153750314,"""P最喜欢Neko了""",1136229112395,1416
"""欢乐牧场RE""",1153744538,"""人生不设限""",1139197483562,1417
"""樱华坠梦""",1153569652,"""OGP1优衣对不起""",1204282155543,1418
"""粉兔幼儿园""",1153465391,"""小咬 狼满级了""",1136964779582,1419
"""5cm/s""",1153341122,"""[50]JoJo""",1265444011511,1420
"""喵的世界公主链接分部""",1153295395,"""隔壁老王爱帮忙""",1181970808359,1421
"""咸鱼月升养老院""",1153239010,"""攻玉""",1103139243500,1422
"""咸鱼养殖中心""",1153229901,"""Maxwell""",1056668817904,1423
"""搞事""",1153185021,"""森川千夏""",1243428907507,1424
"""飞马大药房""",1153165635,"""喀秋莎@覼""",1244651512391,1425
"""众神殿""",1153157517,"""Dokky pj2""",1387974933182,1426
"""星陨""",1153122689,"""则宸""",1257650680305,1427
"""归宅部""",1153032474,"""哈雷姆""",1370173841922,1428
"""宝可梦乐园""",1152735236,"""卡比兽""",1004233054729,1429
"""暮光蔷薇""",1152582359,"""喵饼""",1290943710718,1430
"""兰德索尔七彩虹大本营""",1152561743,"""飞彩""",1144329873929,1431
"""惠理子只会335""",1152514388,"""不抽常驻""",1224257325120,1432
"""小黄鸡爱睡饱饱""",1152399232,"""棒棒糖21p""",1377155038796,1433
"""银色黎明""",1152350587,"""龍卷""",1428630673932,1434
"""伪物""",1152340116,"""三护""",1417452741198,1435
"""喵依骑士团""",1152317319,"""御庭喵依""",1024371064376,1436
"""炎炎消防大队""",1152248009,"""左小龙""",1315841221188,1437
"""心连情结ReDive""",1152231251,"""[i]神圣黑猫骑士团""",1080320760373,1438
"""BO良KI影的藏猫阁""",1152190127,"""Boki""",1273901203599,1439
"""魔法少女保护协会""",1152189906,"""佐仓杏子""",1060816837196,1440
"""真空萝莉野外求生馆""",1151971827,"""Sterben""",1390809438764,1441
"""Cookie""",1151961607,"""今天也是个好天气""",1183062085170,1442
"""公主联盟""",1151920678,"""香蕉姬""",1405500997136,1443
"""从零开始的异世界少女""",1151775156,"""月无盈""",1297450565148,1444
"""黑猫咖啡厅""",1151767074,"""lazyzero""",1101097413160,1445
"""这个美术部没有问题！""",1151711049,"""杯酒无味醉同欢""",1047962001996,1446
"""飘渺的理想乡""",1151686884,"""哼哼鱼""",1388367070702,1447
"""黑猫骑士团""",1151680007,"""坂上智代""",1385501841914,1448
"""锉刀的学生会""",1151640899,"""食蜂襙祈""",1016081144354,1449
"""Rush""",1151591528,"""予星以梦""",1152366769917,1450
"""青柠果柑""",1151534597,"""[b]清茶丶[/b]""",1074864301135,1451
"""母猪焊接！""",1151376635,"""嘟嘟噜<0>""",1216726161985,1452
"""你看起来很好吃""",1151358034,"""切噜""",1027035128315,1453
"""Quin22""",1151348851,"""夜无""",1002616798751,1454
"""餐桌上的鸽子""",1151191996,"""MapleOxO""",1181044753972,1455
"""异世相遇，尽享美味""",1151191255,"""小小圣超""",1125421560329,1456
"""奥尔加海军学校""",1151086019,"""森下下士jjc在挖""",1167973521983,1457
"""maki真姬酱～""",1150595343,"""机智""",1254561171589,1458
"""狼与她的苹果""",1150411960,"""Horo""",1203140984338,1459
"""游击士协会""",1150350687,"""夜夜子""",1105939217913,1460
"""微笑75战队""",1150308393,"""WJY""",1351432977934,1461
"""椰奶喵""",1150247690,"""绀碧湛苍""",1284937720339,1462
"""迷途竹林Plus X""",1150206409,"""EverLIN""",1116977963532,1463
"""link start""",1150159748,"""EMT""",1001212465965,1464
"""CiRCLE""",1150144683,"""永川白菜""",1022794104335,1465
"""龟友百货""",1150055615,"""Mayu""",1265033233927,1466
"""猫猫换头""",1150029756,"""ue对不起""",1084467475592,1467
"""Bang Dream""",1149887183,"""芙兰朵露斯卡雷特""",1184064683512,1468
"""红发海贼团 """,1149881534,"""天高云阔风雨如歌""",1189770846768,1469
"""HM驾校鸽友团""",1149785234,"""KULUCYD""",1031860473955,1470
"""阿花鱼铺""",1149658507,"""41阴#3""",1074940254761,1471
"""兰德索尔不相信眼泪""",1149541349,"""潘大梨梨梨""",1314539797107,1472
"""可可蘿同好會 """,1149392399,"""香纯纯""",1045120145982,1473
"""对不起，优衣""",1149374081,"""蕾斯蒂亚""",1262273681939,1474
"""搁这闹呢""",1149258393,"""昨曰成风""",1060795589121,1475
"""想舔凯露酱的胖次""",1149199553,"""帕莉""",1404608478740,1476
"""彩虹色的夏天""",1149162128,"""霜月遥""",1363692766765,1477
"""瓦坎达连结""",1149046896,"""Astraea""",1145962488394,1478
"""混子之家""",1148886673,"""小人物的逆袭""",1171882360348,1479
"""谁还不是个公主骑士""",1148770290,"""莫诺""",1046636971522,1480
"""好耶！摸鱼啦！""",1148632645,"""星野宫子""",1358820907579,1481
"""游荡者之歌""",1148616472,"""yaksa十六""",1197693713949,1482
"""苟已岂之""",1148591770,"""蕾西亚""",1401060984398,1483
"""逃离挞科夫""",1148545913,"""萱萱""",1421468005131,1484
"""冰菓""",1148520762,"""親親目暮醬""",1144074718726,1485
"""留着双宝就是过节""",1148481772,"""布加勒斯特的人偶师""",1117695531599,1486
"""欧派交流协会""",1148330931,"""跳蛋漏电命悬一线""",1118198929985,1487
"""咸鱼水溅跃""",1148067586,"""风之雾影""",1214735966758,1488
"""咕嚕靈波.jpg""",1148049732,"""伊卡洛斯""",1209995614798,1489
"""接头少女与臭鼬娘""",1148017589,"""扶她奶茶""",1000287838780,1490
"""社保星海""",1148001551,"""卫宫士郎""",1236205969999,1491
"""摸鱼连结""",1147906867,"""sakamo！""",1248229726729,1492
"""MUGEN""",1147787369,"""兰陵萧""",1304649822760,1493
"""布丁爱吃布丁""",1147749569,"""星野燐umi""",1373299038722,1494
"""零组""",1147742093,"""萝珞裸""",1233149995547,1495
"""可爱就是正义""",1147686235,"""萌纸想出个new""",1119310302784,1496
"""迦勒底皇家卫队""",1147651132,"""xcw天下第一""",1352704785958,1497
"""新型鱼丸研究基地""",1147523238,"""鱼丸CQC""",1199818334761,1498
"""安达樱后援会""",1147355664,"""安達桜""",1162394897936,1499
"""什么嘛我头发还挺多的""",1147346001,"""梦前光""",1041425144340,1500
"""龙桥""",1147246183,"""雾天""",1314639307535,1501
"""魔女之旅""",1147214779,"""优木雪菜*艾姆尼西亚""",1213167633955,1502
"""御坂网络""",1147205832,"""Yoooh(pjjc""",1101946411573,1503
"""清北落榜生""",1147130884,"""学书徒小崔""",1310198673962,1504
"""天楼重工""",1146990148,"""天道孤廻""",1411848184369,1505
"""命运石之门ZEROT""",1146731435,"""Ali""",1278258321957,1506
"""小圆圆圆""",1146721840,"""小仓朝阳49#未挖完""",1265125777996,1507
"""可乐去冰""",1146711108,"""问答无用""",1190184517196,1508
"""皮皮小妙屋""",1146702341,"""伤害优衣的人竟是我""",1346541227571,1509
"""非洲部落喵C计划""",1146638784,"""立立酱""",1207036305991,1510
"""平面轮回之外""",1146529875,"""歪贼贼""",1229650782769,1511
"""千恋万花乐园""",1146511082,"""朝武芳乃(""",1125984606710,1512
"""星痕（防止重名）""",1146482629,"""柒奏""",1374031429104,1513
"""朝九晚五堂""",1146461640,"""不会唱歌的企鹅""",1109831288357,1514
"""二次元的旅者""",1146409648,"""结城理""",1268558200393,1515
"""焊接人才培优班""",1146342440,"""渃离""",1064383275559,1516
"""仲夏夜花语""",1146101119,"""达令""",1098215825968,1517
"""关爱臭鼬娘委员会""",1146063237,"""家大舍小""",1004441592365,1518
"""画萌优衣后援团""",1146043328,"""木子""",1119312632330,1519
"""塔兹永远滴神""",1145947434,"""随风遗忘""",1358230725180,1520
"""异世界旅行团""",1145865927,"""豆包OvO""",1086646648381,1521
"""王之后宫""",1145784646,"""高达""",1162533294734,1522
"""布丁保护协会""",1145783745,"""[b]星雨光环""",1384698693119,1523
"""DD斩首""",1145643883,"""小鸟游六花""",1126743646726,1524
"""星光咖啡厅""",1145610321,"""露露缇耶""",1284433989102,1525
"""方舟猎人:围攻母猪""",1145576290,"""山本赫敏""",1138718661136,1526
"""无氪咸鱼""",1145564191,"""片片""",1342044561958,1527
"""一击女""",1145525719,"""闪光的吉格鲁特""",1122927838772,1528
"""银色之翼""",1145523973,"""夜循""",1398008184349,1529
"""水菓篮子""",1144998446,"""卞态可疑者先生""",1018438827559,1530
"""哈哈哈哈剑应援会""",1144984560,"""兔子哈哈哈哈""",1315970629152,1531
"""白刃剑舞""",1144870641,"""空門天""",1423212920390,1532
"""公主前线""",1144868647,"""村雨""",1154391621162,1533
"""团子从不上夜班""",1144864937,"""薛定谔的猫-p""",1346312670731,1534
"""樱花庄的梦幻屋""",1144787929,"""清楚美少猫""",1192528614814,1535
"""Yuzu-Soft~""",1144759148,"""宁宁自爆器""",1325489707517,1536
"""牛头人之家""",1144692175,"""藤丸立香丩""",1332424798794,1537
"""上海爱丽丝幻乐团""",1144618906,"""1/6G""",1212801784301,1538
"""松冈爱衣催婚协会""",1144602107,"""佐倉綾音""",1116114885169,1539
"""玖鸣染""",1144594892,"""节奏jk""",1371149048302,1540
"""优妮的浓缩咖啡馆""",1144587395,"""猫猫头""",1021809425937,1541
"""相亲相爱一家人""",1144581491,"""只有29墓可以吗""",1205051358758,1542
"""守夜人N.W.""",1144519999,"""七星碎月""",1400596856324,1543
"""东京猫猫""",1144476522,"""黎明卿""",1072983621145,1544
"""桃心庵 """,1144438048,"""泠澪c  """,1125907627522,1545
"""饿势力""",1144399866,"""境""",1253446494725,1546
"""东方幻想""",1144331067,"""十年一賤""",1012265054755,1547
"""梦之阁""",1144231082,"""鲤鱼王使用水溅跃""",1314817656364,1548
"""大钟寺小霸王""",1144229593,"""Jack""",1297753669175,1549
"""圣芙蕾雅兰德索尔分校""",1144144583,"""游戏有毒""",1251289848335,1550
"""咲恋幼儿园""",1144135956,"""奥尔奥p25""",1145722829207,1551
"""H.L.S.Y.""",1144110921,"""Negai""",1318878405159,1552
"""咸鲟云中游""",1144108225,"""荧姐乃吾女神""",1179181841953,1553
"""百万持仓基金会""",1144089508,"""金木研""",1006739857971,1554
"""海恩之家老公的衣柜""",1144061740,"""老公""",1037218219586,1555
"""迦勒底摸鱼镇守府""",1143849252,"""柔软的毛玉""",1226252539523,1556
"""树林中的佑树""",1143810184,"""佑树""",1100999569924,1557
"""愿世界温柔待我""",1143717324,"""文乃""",1057523729976,1558
"""恋爱的埋火""",1143634645,"""刨冰姬""",1129930283598,1559
"""妖精之森""",1143619198,"""我还可以再吃一碗饭吗""",1184721667629,1560
"""Sycamore""",1143591641,"""霍纳奇斯""",1174361797105,1561
"""Grandchase""",1143554620,"""云之音""",1407179614715,1562
"""悠久之风""",1143553392,"""绮梦""",1076011077111,1563
"""citrus""",1143385069,"""西木野真姬""",1339326968309,1564
"""花譜""",1143298842,"""千霄""",1189706923526,1565
"""摸鱼专精Lv.MAX""",1143297780,"""Air炮灰""",1418317432325,1566
"""莲华皇家养老学院""",1143285213,"""觋夕莉""",1374544683526,1567
"""Cookie""",1143268277,"""星野饼美""",1389099845193,1568
"""黑猫茶话会""",1143221274,"""契卡""",1335466795567,1569
"""肥宅快乐会""",1143144440,"""珂教兴国""",1378529246723,1570
"""记录的地平线""",1143031554,"""樱空寂""",1268618795529,1571
"""筑梦游戏会""",1142993637,"""小睡神（0）""",1066844435506,1572
"""我们是跳高冠军""",1142990472,"""陌邪ppy""",1398934011560,1573
"""Passione""",1142958131,"""水濑祈""",1408383377993,1574
"""积水潭观光团""",1142935711,"""贤狼赫萝""",1420224094760,1575
"""四方咸鱼""",1142909999,"""brush p24""",1280190865992,1576
"""喵萝莉的倾城倾国""",1142845269,"""[s]纯白银姐姐""",1407279254762,1577
"""怎么又要打工会战啊""",1142406998,"""*Taek""",1343741176351,1578
"""纯爱同好会""",1142170644,"""店长""",1195567889938,1579
"""马赞娜的冬天""",1142019662,"""怜""",1392886110709,1580
"""倚南窗以寄傲""",1141965488,"""Nano""",1151318861287,1581
"""不喜欢会战是骗人的吧""",1141926386,"""12-4狼""",1409507502780,1582
"""拉拉胯垮""",1141897577,"""雪之下雪乃""",1169222443554,1583
"""副会长是RBQ的世界""",1141808090,"""乌鲁克仍存于此""",1205951685158,1584
"""挂树指挥部""",1141745133,"""清夏""",1234939435525,1585
"""合法布里布里""",1141739312,"""刀锋豆腐""",1062307397193,1586
"""极彩社""",1141703860,"""梧桐舞织""",1063615633955,1587
"""妈宝仓鼠协会""",1141634953,"""Z七夜志贵""",1340255019577,1588
"""猫猫的随心所欲""",1141548655,"""宫子的布丁#@""",1012020113906,1589
"""整活运动""",1141513893,"""栞""",1335037944324,1590
"""乌托邦的旅人""",1141431850,"""也只是怕错过""",1228259729918,1591
"""奶牛和螃蟹五五开""",1141429532,"""佑树""",1408667640312,1592
"""夜凉吹笛千山月""",1141344501,"""美美用天兔霸断剑""",1068968696345,1593
"""美少女万华镜""",1141207030,"""散一世繁华#养老""",1398786014728,1594
"""琪之王国""",1141132046,"""细雨侵衣#""",1174977784312,1595
"""N46Rengo""",1141093348,"""云戟墨""",1113836305913,1596
"""30六星暴击弓大胜利""",1141014982,"""笨笨的六月（桃""",1260385477162,1597
"""今天你上圣诞树了吗""",1140980748,"""红魔族惠惠""",1100766430732,1598
"""皇家神学院""",1140974559,"""阿惠""",1105931006726,1599
"""老板，来两只肉包""",1140886667,"""花火427""",1082312645106,1600
